{
"type": "FeatureCollection",
"name": "Ghaziabad_Boundary",
"crs": { "type": "name", "properties": { "name": "urn:ogc:def:crs:OGC:1.3:CRS84" } },
"features": [
{"type":"Feature","properties":{"OBJECTID_1":29,"OBJECTID":297,"STATE_UT":"UTTAR PRADESH","STATE_LGD":"09","DISTRICT":"GHAZIABAD","DIST_LGD":"140","REMARKS":null,"Shape_Leng":211027.850282,"Shape_Le_1":211027.850228,"Shape_Area":885051733.56299996},"geometry":{"type":"MultiPolygon","coordinates":[[[[77.456929721491704,28.926012280856593,0.0],[77.458696845819333,28.925352795688759,0.0],[77.458087831857512,28.923448216436697,0.0],[77.458327481177207,28.922915405976447,0.0],[77.458832170454542,28.922470646050929,0.0],[77.459352473530359,28.922193823965618,0.0],[77.458414888845127,28.921441102370153,0.0],[77.459460296404686,28.920652764814445,0.0],[77.458876497224693,28.920308118159074,0.0],[77.459648269469923,28.919850822426913,0.0],[77.459109110548411,28.919188266808238,0.0],[77.458247764642266,28.918436748922808,0.0],[77.459005969946801,28.917710930928461,0.0],[77.458856824842144,28.916618555307469,0.0],[77.458873661792808,28.915797123332464,0.0],[77.459392061093212,28.914681796746542,0.0],[77.459816560167695,28.91349790241749,0.0],[77.460147849159924,28.912211906054871,0.0],[77.460267150073946,28.911039933325515,0.0],[77.460016901163371,28.910231026000609,0.0],[77.459593468974347,28.909503218026206,0.0],[77.458814236183358,28.908467909869589,0.0],[77.458044444577595,28.907902295489414,0.0],[77.457299357395499,28.907991084131019,0.0],[77.456800567379162,28.908150859646351,0.0],[77.456577563197101,28.906844148062017,0.0],[77.456562383494287,28.906755197325385,0.0],[77.457406848540742,28.90646675445964,0.0],[77.460060189594373,28.906257316466785,0.0],[77.462568997977868,28.905659843209893,0.0],[77.464581415136124,28.905104779873859,0.0],[77.466725118933127,28.904652387012401,0.0],[77.468812337795143,28.90416553187444,0.0],[77.4708042847884,28.903677146174068,0.0],[77.473064640220144,28.903109121913026,0.0],[77.474035911338049,28.903141216715959,0.0],[77.475038525044283,28.902570088251608,0.0],[77.475901628986477,28.902298610271696,0.0],[77.477311752014202,28.902304062270257,0.0],[77.47970438855117,28.901788336257468,0.0],[77.481634332960752,28.901533615655826,0.0],[77.48391263049048,28.901016028879944,0.0],[77.485463564144283,28.899715580074314,0.0],[77.486341238548832,28.898723172574776,0.0],[77.487390012337912,28.897750212879021,0.0],[77.48856838824419,28.896963747029414,0.0],[77.489723965500986,28.896361383182398,0.0],[77.491718077939638,28.895755378003241,0.0],[77.493116194198379,28.895408335199416,0.0],[77.493972171559548,28.896427927671649,0.0],[77.494787268626538,28.896641921610982,0.0],[77.496143656857015,28.897417779311404,0.0],[77.497523510272927,28.897975984896306,0.0],[77.498766309638739,28.89929590376569,0.0],[77.5004757067437,28.900972881192899,0.0],[77.500558457866191,28.901054062439762,0.0],[77.501133998682221,28.901113837175057,0.0],[77.502364575168826,28.900425364713008,0.0],[77.503116186039577,28.899786813148552,0.0],[77.504526638249672,28.898795153265851,0.0],[77.504857843269761,28.898532575751464,0.0],[77.505335636057922,28.898540020888813,0.0],[77.506076893604984,28.898140331491664,0.0],[77.506483940703347,28.897888467761835,0.0],[77.507026481232529,28.897380509364261,0.0],[77.507895688405185,28.896829861295348,0.0],[77.508869975925961,28.896223392203826,0.0],[77.508929819335521,28.896186140345261,0.0],[77.509993366520675,28.895695811219486,0.0],[77.511090851465525,28.895139068459581,0.0],[77.512001349158311,28.89469420886001,0.0],[77.512551737170355,28.895268314775866,0.0],[77.513047930576207,28.894903112461776,0.0],[77.51356732108124,28.89446170527383,0.0],[77.51413129137525,28.893963588453886,0.0],[77.514451440626473,28.893710354676646,0.0],[77.514806487427521,28.893878436424924,0.0],[77.515280899681741,28.893512886559986,0.0],[77.516019211309029,28.893345542730955,0.0],[77.51666754524615,28.892973060417049,0.0],[77.517063339692115,28.8927400655718,0.0],[77.517631230959609,28.892586301207015,0.0],[77.517964995858534,28.892734973403755,0.0],[77.518678866936298,28.893434553178455,0.0],[77.518904956173557,28.893533691948541,0.0],[77.519484243339889,28.893273826129747,0.0],[77.519744760367743,28.893287397703947,0.0],[77.520183431162053,28.893619332610527,0.0],[77.520407641774014,28.893958397249467,0.0],[77.520707036077056,28.893512734609072,0.0],[77.521312113678803,28.8931300279087,0.0],[77.522246622320054,28.892570682934267,0.0],[77.523072208533762,28.89202881133118,0.0],[77.523585708564866,28.891629457440569,0.0],[77.523774475181,28.891421943449281,0.0],[77.524119268767748,28.891561145977803,0.0],[77.524423023710881,28.891585006416811,0.0],[77.524874676806562,28.891266848721013,0.0],[77.525273310886334,28.890890469829394,0.0],[77.525756798180922,28.890611037099781,0.0],[77.526380562225924,28.890381632892115,0.0],[77.527154952778943,28.890221488392108,0.0],[77.527765404559901,28.89011611688808,0.0],[77.528482471663494,28.889899331786101,0.0],[77.528941997218098,28.889734225245562,0.0],[77.529259300136957,28.889493530875118,0.0],[77.529559680376281,28.889265672876924,0.0],[77.53001074210475,28.888976098674952,0.0],[77.530550101232492,28.888621040609507,0.0],[77.53089224579287,28.888349038812265,0.0],[77.53118791448172,28.888229263295507,0.0],[77.531526632168735,28.888129313871318,0.0],[77.531770305112033,28.888439048853304,0.0],[77.532162527191176,28.888378159744239,0.0],[77.532784557217056,28.888234710834773,0.0],[77.533425779063975,28.888215891042172,0.0],[77.533576512226688,28.88828514903788,0.0],[77.533708324447858,28.888755820435978,0.0],[77.53413746714206,28.888829181816305,0.0],[77.534832678364268,28.888830351710528,0.0],[77.535575969447777,28.888593124368853,0.0],[77.536375713265244,28.888251682014523,0.0],[77.536816405317978,28.887942856837672,0.0],[77.537007052143565,28.888184832371426,0.0],[77.537587376663836,28.889044848280296,0.0],[77.537689934152041,28.889352495335526,0.0],[77.538346271166787,28.889123545499672,0.0],[77.539164175338371,28.888706722743148,0.0],[77.539448264764843,28.889170101014891,0.0],[77.539445229701656,28.88932308859728,0.0],[77.540272260697606,28.889249697112714,0.0],[77.541613059386819,28.889012084352625,0.0],[77.541752104013526,28.889119390599987,0.0],[77.54218315530396,28.889843225171088,0.0],[77.542783411901453,28.889699496127704,0.0],[77.543139708252582,28.889600710131699,0.0],[77.543479974791822,28.889969306806726,0.0],[77.543966393839568,28.891191323486009,0.0],[77.544702109920166,28.892436230843263,0.0],[77.545206848808732,28.893275980767605,0.0],[77.545912996742501,28.894268364113419,0.0],[77.546499808873733,28.895357940999514,0.0],[77.547046386589699,28.895184674925879,0.0],[77.548076606199032,28.894722283142865,0.0],[77.548524344848104,28.894604805067409,0.0],[77.549165470998048,28.895140562423435,0.0],[77.550369642467174,28.896325669171869,0.0],[77.550743768438281,28.896548700139373,0.0],[77.550977441180649,28.89626537221077,0.0],[77.551412853169282,28.895669528165126,0.0],[77.551833652603321,28.895264727548643,0.0],[77.552319738203394,28.89485138702133,0.0],[77.553714134657184,28.893937352395564,0.0],[77.554915430654987,28.893066384369011,0.0],[77.555652964293202,28.892570774595768,0.0],[77.556340968682704,28.892182600146171,0.0],[77.556974388517745,28.892010533623445,0.0],[77.557830245114062,28.891574116908849,0.0],[77.55850397535778,28.891010676455092,0.0],[77.559189663165512,28.890389922481319,0.0],[77.559332676275091,28.890296467571247,0.0],[77.560029513239783,28.89076609842353,0.0],[77.560777007764528,28.890318477680154,0.0],[77.562139016159264,28.889328958699686,0.0],[77.562952154941584,28.888853627096669,0.0],[77.563662332422879,28.888644465643395,0.0],[77.564545296836357,28.888485792249142,0.0],[77.565212413487771,28.888256805080808,0.0],[77.565985614096974,28.888153855194378,0.0],[77.567627419791464,28.88786430095923,0.0],[77.568717265572317,28.88768004836059,0.0],[77.569241074045536,28.887554131039224,0.0],[77.570038097368894,28.8873462598701,0.0],[77.57068099436394,28.8872412165992,0.0],[77.571416797787492,28.887148124906894,0.0],[77.572319159417816,28.887104502311931,0.0],[77.573087588018282,28.887250023078984,0.0],[77.573970891049697,28.887626786321714,0.0],[77.575023358592247,28.88824514801793,0.0],[77.576155683586492,28.889218642422527,0.0],[77.576775982970659,28.889715740924711,0.0],[77.577985890109176,28.890372405880207,0.0],[77.579479648221408,28.891198306853592,0.0],[77.580552531708889,28.891883962696149,0.0],[77.581469102167475,28.892545059616573,0.0],[77.582050105376624,28.892831201219611,0.0],[77.582615040471211,28.892830103786796,0.0],[77.583041156365368,28.892702667009701,0.0],[77.584184139504714,28.892021870249604,0.0],[77.585130677415506,28.8913858726164,0.0],[77.585810639151347,28.890929324230154,0.0],[77.586204731398738,28.890589221866076,0.0],[77.586723958272799,28.889766871813347,0.0],[77.586876127876039,28.888650249910885,0.0],[77.586806563779149,28.887759879735704,0.0],[77.586771172460587,28.886783833807485,0.0],[77.586628789884031,28.885170469278712,0.0],[77.586450331996957,28.884297524846453,0.0],[77.586439914108212,28.883714020446515,0.0],[77.586504967417341,28.883160350469257,0.0],[77.58657835195595,28.88274067867308,0.0],[77.586793415730313,28.882294441879395,0.0],[77.587513418846527,28.880997658831681,0.0],[77.588073637239077,28.880116676150703,0.0],[77.589498910990599,28.878240089410923,0.0],[77.590450086685408,28.87680078957386,0.0],[77.59100915047145,28.875977173900193,0.0],[77.591591809714686,28.875531414209011,0.0],[77.59216305652123,28.875195696307348,0.0],[77.5928738485227,28.87494817539234,0.0],[77.59390668789203,28.874896765163019,0.0],[77.594546346659044,28.874954242090578,0.0],[77.595040072161183,28.875258106286726,0.0],[77.595482217035922,28.8754177850345,0.0],[77.595974196580926,28.875252972742832,0.0],[77.596404955557048,28.875441178019116,0.0],[77.596657134583225,28.875598459044433,0.0],[77.596938253351283,28.87566008015494,0.0],[77.597145303098031,28.875624951481512,0.0],[77.597614879844897,28.875498034138403,0.0],[77.598015265383879,28.875571070377728,0.0],[77.598906535433088,28.876100767808218,0.0],[77.599953644012231,28.876432078707875,0.0],[77.60072906702446,28.876768848109865,0.0],[77.601368287753473,28.876854990863656,0.0],[77.602637244421601,28.876386279744644,0.0],[77.603558767219795,28.875912266939746,0.0],[77.604828683425055,28.875587145337338,0.0],[77.605546326973908,28.875550016155611,0.0],[77.606098770345241,28.875625215121442,0.0],[77.606622540107566,28.876063456258855,0.0],[77.607618816407452,28.877340600949541,0.0],[77.608233834994905,28.878114880045143,0.0],[77.608934887001652,28.877809742880711,0.0],[77.610122494493268,28.877052850107994,0.0],[77.611156744440407,28.876360687767502,0.0],[77.612604203749925,28.875399966665704,0.0],[77.613435571191971,28.876225226139724,0.0],[77.614264088252838,28.877193846568943,0.0],[77.615355461061242,28.878498029911679,0.0],[77.615706741950092,28.878866642098391,0.0],[77.616176940918351,28.87870153610239,0.0],[77.617081155418745,28.879690429450484,0.0],[77.618076229470532,28.88094501582863,0.0],[77.618720807947966,28.880753797010705,0.0],[77.619988822207063,28.880332711438829,0.0],[77.621146182908859,28.880015233442276,0.0],[77.621679899488299,28.879840693432197,0.0],[77.622703879324902,28.87974192739598,0.0],[77.623994410052504,28.879840858392036,0.0],[77.625615182615903,28.879782196892805,0.0],[77.627001307895384,28.879720041356418,0.0],[77.628291222536774,28.879780509326512,0.0],[77.630145556895016,28.879787246782769,0.0],[77.632283376658421,28.879694817045696,0.0],[77.633291281569129,28.879771796294403,0.0],[77.634207614415274,28.879723264006167,0.0],[77.634921444991448,28.87979937049759,0.0],[77.635788152200789,28.879894879331044,0.0],[77.636349019349012,28.880027312423593,0.0],[77.637012000095766,28.879726902708754,0.0],[77.637820903075109,28.879159800102315,0.0],[77.638057123029881,28.879080578367201,0.0],[77.638289800245602,28.879187348328657,0.0],[77.638600462102104,28.878902456370444,0.0],[77.639108849502861,28.879323581155173,0.0],[77.639794073451,28.879085472005986,0.0],[77.64039748259043,28.87944591684559,0.0],[77.641450633793895,28.880847002825014,0.0],[77.64230938308404,28.881887799073414,0.0],[77.643522460871537,28.880483324995836,0.0],[77.643803102769908,28.880769135190079,0.0],[77.645132829598268,28.879869481260272,0.0],[77.645963854877877,28.879265618949042,0.0],[77.646441945713278,28.878902026444941,0.0],[77.647058531486721,28.879222386754641,0.0],[77.64763500840219,28.878993648704689,0.0],[77.64861779184433,28.878637464256919,0.0],[77.64923306377149,28.878142463770157,0.0],[77.649864713411233,28.877662464498716,0.0],[77.650417240916354,28.877438040701794,0.0],[77.650861111659523,28.877103548625961,0.0],[77.651624602897883,28.876773834795898,0.0],[77.652187836690487,28.87635214699268,0.0],[77.651401726257177,28.875213890667151,0.0],[77.652472160797899,28.874666227185774,0.0],[77.65320143826969,28.874194703757752,0.0],[77.654291633153292,28.873499049120063,0.0],[77.65354853314652,28.872746907573966,0.0],[77.652344153879497,28.871483957347479,0.0],[77.652100040753709,28.871249583558594,0.0],[77.652976745841556,28.870269119465405,0.0],[77.653323819050954,28.870600454240158,0.0],[77.653802698822332,28.870192283707699,0.0],[77.653032538644368,28.869098727885874,0.0],[77.654352237002584,28.868443659819622,0.0],[77.655217417982385,28.868070852039047,0.0],[77.655790809826584,28.868894686739441,0.0],[77.656366104526185,28.868725132192658,0.0],[77.656613672013009,28.868980823988672,0.0],[77.65717377362283,28.86872219172843,0.0],[77.657270870382291,28.868931117423376,0.0],[77.658284103814751,28.868738437662728,0.0],[77.65914044252554,28.868518976322189,0.0],[77.659838857302745,28.86844326987918,0.0],[77.659951946127208,28.86857219466442,0.0],[77.661172633944943,28.868182820114004,0.0],[77.66113227194306,28.868793097443746,0.0],[77.662309244442028,28.869192103604369,0.0],[77.662712077704725,28.869274275345763,0.0],[77.663291176799476,28.869206440177816,0.0],[77.664044523008329,28.869090164432475,0.0],[77.664999628924008,28.870529480036694,0.0],[77.666039967371646,28.872046319850647,0.0],[77.666966853453545,28.873459807302019,0.0],[77.667614386945388,28.874069009426279,0.0],[77.668474166867668,28.874437853440725,0.0],[77.669297824918672,28.875188067499892,0.0],[77.669495293625047,28.875445390536381,0.0],[77.670529341555664,28.875765870275352,0.0],[77.671517914547039,28.876228263694738,0.0],[77.673100241845546,28.876582097581096,0.0],[77.674020242063577,28.876824515945259,0.0],[77.675722475653231,28.876951108623413,0.0],[77.677482887979451,28.87705303680842,0.0],[77.6791572336451,28.877128208054479,0.0],[77.680168182369314,28.877142860695653,0.0],[77.680751964619773,28.87682039977064,0.0],[77.681406441115271,28.875078912834162,0.0],[77.681849669862729,28.874550852782185,0.0],[77.682952000549406,28.874312271441486,0.0],[77.68483415560793,28.874084961618841,0.0],[77.685562832132362,28.87373917784441,0.0],[77.686623960191696,28.872609084109886,0.0],[77.686776486299436,28.872055076290845,0.0],[77.686887322017981,28.870882083887626,0.0],[77.686924236784776,28.870449915428004,0.0],[77.687243785560085,28.868664394784215,0.0],[77.687342383762839,28.86647689862291,0.0],[77.687454171081768,28.865129414815225,0.0],[77.687417248941188,28.86400892438467,0.0],[77.687257251079274,28.863293962222791,0.0],[77.687160263827678,28.86231692764698,0.0],[77.687314661350115,28.861784577080659,0.0],[77.687932044110013,28.861208115602746,0.0],[77.688811707415155,28.860508073261865,0.0],[77.689771837772298,28.860140115123176,0.0],[77.690450783292192,28.85936087482774,0.0],[77.691303469201671,28.858558646079299,0.0],[77.69191655584396,28.858211159366359,0.0],[77.693137563253799,28.858039869184879,0.0],[77.693577369899813,28.857689877963967,0.0],[77.695351706586891,28.857028177912902,0.0],[77.696576893716042,28.856384047453126,0.0],[77.697573945471305,28.855583858312851,0.0],[77.699488351715729,28.853600493564834,0.0],[77.699902007034765,28.853097434172888,0.0],[77.699802040705961,28.850703274018709,0.0],[77.699666443191319,28.84875928176379,0.0],[77.699692940837224,28.847897528203614,0.0],[77.699068453586008,28.846999274316339,0.0],[77.698422475485629,28.845985535990817,0.0],[77.697847250707568,28.845189307227713,0.0],[77.696909691067788,28.843888936328536,0.0],[77.696748178313243,28.84363545245229,0.0],[77.695702775198157,28.843034547830353,0.0],[77.694743756618806,28.842459546875197,0.0],[77.695691417289936,28.841290933071935,0.0],[77.696115169441043,28.840646528366658,0.0],[77.696865494140113,28.839234448227224,0.0],[77.697554812747498,28.837915657728512,0.0],[77.697849759993744,28.837375854199461,0.0],[77.698161025474889,28.836551283964617,0.0],[77.698132016559086,28.836195167387878,0.0],[77.697786207855998,28.834997466632156,0.0],[77.697786760176442,28.834327889619118,0.0],[77.697634632049187,28.833630988392102,0.0],[77.697487521315679,28.83324181024739,0.0],[77.696270702054363,28.831611220032411,0.0],[77.6957498009765,28.830729005692927,0.0],[77.695146678352089,28.829565032651928,0.0],[77.69459896112609,28.828445864623323,0.0],[77.693794764058154,28.827009416691496,0.0],[77.693372193808955,28.826216625898635,0.0],[77.692246937883368,28.824241897934073,0.0],[77.692030899687452,28.823765661438703,0.0],[77.692634747249215,28.823207721774917,0.0],[77.693554536523351,28.822456284447952,0.0],[77.694548543857749,28.821744418546913,0.0],[77.695295194433584,28.821232537019622,0.0],[77.696446638969022,28.820451407858542,0.0],[77.697795549833089,28.819464056210421,0.0],[77.698727055633555,28.818751262956955,0.0],[77.700057091583488,28.817769119635678,0.0],[77.70110631249085,28.817107515635893,0.0],[77.701919975036333,28.81668458727264,0.0],[77.703091938247539,28.816140264552939,0.0],[77.704490035842923,28.815527658266276,0.0],[77.705113173882609,28.815272525300102,0.0],[77.704637152023793,28.814666033836801,0.0],[77.705443074704789,28.813984403817411,0.0],[77.705923789196447,28.813661207104357,0.0],[77.70568501707767,28.813399212807116,0.0],[77.70636739487675,28.812979877949246,0.0],[77.706778291238479,28.812716193963002,0.0],[77.707125112693348,28.812539615103343,0.0],[77.707425473819214,28.812510909345171,0.0],[77.707799758889905,28.812538278028153,0.0],[77.708507103220398,28.81279597934796,0.0],[77.708921448063222,28.81302197329136,0.0],[77.709206885922384,28.813125087371954,0.0],[77.709419211259629,28.813128127016022,0.0],[77.709527810110416,28.812997646082785,0.0],[77.709229222544593,28.81259176097663,0.0],[77.708807059329658,28.81211258571296,0.0],[77.70847907924049,28.81160724847383,0.0],[77.708067329089147,28.811579345410941,0.0],[77.707859068450972,28.811356300955566,0.0],[77.708089365573102,28.81106251709506,0.0],[77.707770732246459,28.810727861021284,0.0],[77.707575369845841,28.810482994901541,0.0],[77.707388129335101,28.810474809213993,0.0],[77.707242522991777,28.810241658144033,0.0],[77.70721333159797,28.810131209792125,0.0],[77.707334520531546,28.8099954071177,0.0],[77.707804656411511,28.809567521589507,0.0],[77.707683317457409,28.809373229677252,0.0],[77.707892744764564,28.80919467927929,0.0],[77.707754757258598,28.808549020963923,0.0],[77.707393238816167,28.807493043145094,0.0],[77.70728743973298,28.807133925436094,0.0],[77.70746462451045,28.80700992899704,0.0],[77.707374770164478,28.806463985031623,0.0],[77.707251310236629,28.805708499895811,0.0],[77.70720004038732,28.805102591030355,0.0],[77.707167054040923,28.804183353584101,0.0],[77.70710827593193,28.803307757109351,0.0],[77.706834696671478,28.802902219145576,0.0],[77.70738115998877,28.802398400981051,0.0],[77.707600680967829,28.802010932679625,0.0],[77.707720264077849,28.801792581897161,0.0],[77.707764534902964,28.801424608291313,0.0],[77.707610005769254,28.80099876854965,0.0],[77.707442784583449,28.800583750872548,0.0],[77.707961720017636,28.800217076367868,0.0],[77.708605739953967,28.799841187621663,0.0],[77.70874425593577,28.799612103047735,0.0],[77.708484107260276,28.798986693073157,0.0],[77.708217994722702,28.798515240105086,0.0],[77.707551963239268,28.797377859723543,0.0],[77.70730367634809,28.796956175132436,0.0],[77.707022083991205,28.796985149023236,0.0],[77.706424393273281,28.79620634941935,0.0],[77.706137428584427,28.795850127333939,0.0],[77.705822195009929,28.795333951441844,0.0],[77.705356904849211,28.794826625216334,0.0],[77.705035400669104,28.794480908342795,0.0],[77.705400630632312,28.794150545373927,0.0],[77.705551153881061,28.793778590767477,0.0],[77.705699745331245,28.793511137848412,0.0],[77.705871380455633,28.793348548685998,0.0],[77.70609839660591,28.793230767402466,0.0],[77.706206981554601,28.79310028355625,0.0],[77.706356079018363,28.792805330128797,0.0],[77.706425936594144,28.792404708302524,0.0],[77.706553919235787,28.791900386988878,0.0],[77.706782105845235,28.791380996035411,0.0],[77.707011408383977,28.790801102238422,0.0],[77.707305427272715,28.790436701908174,0.0],[77.707618277175499,28.790067068452714,0.0],[77.707736427524765,28.789925717260772,0.0],[77.707988335287254,28.789643236373447,0.0],[77.707642195876588,28.789110111543344,0.0],[77.707189713027859,28.788586463680666,0.0],[77.706226941090264,28.787626361804435,0.0],[77.705693811018818,28.787074043449632,0.0],[77.705148505503786,28.786505040975804,0.0],[77.704915664407494,28.786600731787523,0.0],[77.704138755919885,28.787073737444185,0.0],[77.703868553372786,28.787163387946389,0.0],[77.703659526056782,28.786984331622236,0.0],[77.703237370702567,28.786510621574834,0.0],[77.702721565997948,28.786035564728984,0.0],[77.702567105676422,28.78594531904707,0.0],[77.702039595468705,28.786102793180909,0.0],[77.701559221777003,28.785738276634589,0.0],[77.700576256620394,28.784860371497398,0.0],[77.699696589153689,28.784137993946619,0.0],[77.698670762532842,28.783215444295934,0.0],[77.698057441219802,28.782612425669633,0.0],[77.696923544864532,28.781457230314075,0.0],[77.696326809020931,28.780634368461293,0.0],[77.695644514225833,28.779711238619367,0.0],[77.695294253292772,28.779067981287692,0.0],[77.694941955151705,28.778534727967667,0.0],[77.694437575928845,28.778120322357971,0.0],[77.693844367937842,28.777781660573659,0.0],[77.693387283716504,28.777510981022136,0.0],[77.692810452103075,28.776963479377329,0.0],[77.692381003645636,28.776550148070939,0.0],[77.692122682059477,28.776337349723192,0.0],[77.691852283098456,28.776102369472458,0.0],[77.691313335564189,28.775952918235625,0.0],[77.690860767274287,28.775691924067207,0.0],[77.69059139652002,28.775401938035426,0.0],[77.690685550287967,28.775040173775022,0.0],[77.690039352972846,28.774614076733616,0.0],[77.688145380093431,28.775300578424549,0.0],[77.686862591249081,28.77577719709749,0.0],[77.685982216476376,28.776105577840081,0.0],[77.685604354966344,28.776276170450345,0.0],[77.685024264238507,28.776324168021283,0.0],[77.684575840358605,28.775171915064558,0.0],[77.684760695872754,28.774635407441146,0.0],[77.684653861686357,28.774336759044946,0.0],[77.684163456680949,28.773845493341653,0.0],[77.68362352398195,28.773331501939634,0.0],[77.683162615256435,28.772598575638508,0.0],[77.682937089744357,28.771968092125071,0.0],[77.682943659814768,28.771616066831182,0.0],[77.683059725664535,28.771419679743207,0.0],[77.683524564095393,28.771272360234448,0.0],[77.684004554510452,28.770982208369237,0.0],[77.68441250199254,28.770536959754619,0.0],[77.684454267716376,28.770306483928341,0.0],[77.684270883945345,28.770094755564187,0.0],[77.6842506327595,28.769841374113362,0.0],[77.684354414408503,28.769633804458362,0.0],[77.684620505138255,28.769428584204483,0.0],[77.684725515910074,28.769155008147745,0.0],[77.684785303970614,28.768627688457556,0.0],[77.684695678678935,28.768076198329158,0.0],[77.68455283226784,28.767699998804094,0.0],[77.68424480587386,28.767475461157595,0.0],[77.683742707246878,28.767110565418697,0.0],[77.683230878071043,28.76693259038878,0.0],[77.682936368063878,28.76665322578506,0.0],[77.682211455447984,28.76601549899932,0.0],[77.681806433356968,28.765635495710676,0.0],[77.681406550563565,28.764980467932705,0.0],[77.681118829672712,28.764338067551282,0.0],[77.68081328514964,28.763981510854435,0.0],[77.680285276526931,28.763500683858467,0.0],[77.679602821012651,28.762764521135512,0.0],[77.680321807638876,28.762213749414613,0.0],[77.681575449328193,28.761285586867729,0.0],[77.68234870839018,28.760669568115127,0.0],[77.682654598024669,28.760338379237503,0.0],[77.682797469220958,28.760043341550514,0.0],[77.682790835709028,28.759729630823273,0.0],[77.682589072535009,28.759165502598023,0.0],[77.682390884144397,28.758744476921287,0.0],[77.68227731515158,28.758473231654182,0.0],[77.682280394868812,28.758308216065593,0.0],[77.682422136115022,28.758073683806845,0.0],[77.682770582888935,28.757803631850965,0.0],[77.683520780610991,28.757418355714602,0.0],[77.683667117085932,28.757271920615956,0.0],[77.683700482843633,28.757156861665734,0.0],[77.683665903189947,28.757002304445056,0.0],[77.68329263074547,28.756595247663814,0.0],[77.683151937369857,28.756439152458167,0.0],[77.68311674372103,28.75631759818376,0.0],[77.683252443736293,28.756071972575622,0.0],[77.683665663926348,28.755676310443778,0.0],[77.684106516772559,28.755137992266096,0.0],[77.684191150179217,28.754952148394757,0.0],[77.68417478327676,28.754825364133602,0.0],[77.684048216750995,28.754581440635359,0.0],[77.683547051205764,28.754001967797471,0.0],[77.683438903405005,28.753774816487606,0.0],[77.683808114917412,28.753395020158464,0.0],[77.684516332223481,28.752915594481379,0.0],[77.685140221630775,28.752605506919796,0.0],[77.685796546562898,28.752229862542293,0.0],[77.685993118532679,28.7520676443031,0.0],[77.686199517259681,28.751712997300508,0.0],[77.686252731055333,28.751537700153499,0.0],[77.686571481569544,28.751184678435767,0.0],[77.687304642170474,28.750705597233797,0.0],[77.688030428993159,28.750286930722815,0.0],[77.688266081713579,28.750037242426032,0.0],[77.68906394197441,28.749405080477434,0.0],[77.688925840364405,28.749268688955151,0.0],[77.689424879578439,28.748752134719762,0.0],[77.689808807164965,28.74830324915964,0.0],[77.690054542772629,28.748066422747446,0.0],[77.689859966271442,28.747606243325645,0.0],[77.689788368059055,28.74719791528636,0.0],[77.689662945640322,28.746796422066364,0.0],[77.689429965756247,28.746370169820192,0.0],[77.689250780349099,28.746011461852483,0.0],[77.689463227454169,28.74581294855161,0.0],[77.689826718986367,28.745567092342466,0.0],[77.689788306851739,28.745506190626021,0.0],[77.68950416526711,28.745262624428314,0.0],[77.688823366171789,28.744687376953095,0.0],[77.689882983406406,28.743694860870018,0.0],[77.69014397115788,28.743415147330587,0.0],[77.689862495170715,28.743324962687428,0.0],[77.689442711865027,28.743302388232884,0.0],[77.689033165996079,28.743428719239489,0.0],[77.688528960879609,28.74383248716893,0.0],[77.687822597515975,28.743239255457407,0.0],[77.687090593244008,28.743419705645739,0.0],[77.686251089120688,28.742661842738134,0.0],[77.685572853447397,28.742118165767327,0.0],[77.684672010357716,28.741157268566177,0.0],[77.684385324267325,28.740721881801274,0.0],[77.683917042817569,28.73993012598304,0.0],[77.683551100687126,28.739548891391006,0.0],[77.682698791321357,28.738660127457496,0.0],[77.682435245511144,28.738278997231124,0.0],[77.682217693452301,28.737931550968156,0.0],[77.682110275087183,28.737381179420236,0.0],[77.682248503204747,28.736693221370984,0.0],[77.682752689201862,28.735838328166089,0.0],[77.683256873561561,28.735256372434279,0.0],[77.683267172276246,28.734642863812496,0.0],[77.682998401350019,28.734123993635382,0.0],[77.682279354430079,28.733266865236175,0.0],[77.682136042137714,28.732917190710005,0.0],[77.682136078033423,28.732452474773396,0.0],[77.682525135776729,28.731426234689316,0.0],[77.682850132744178,28.730821686233757,0.0],[77.683351793176044,28.729966746824893,0.0],[77.683855947394406,28.729078089908587,0.0],[77.683850815026432,28.728728398256877,0.0],[77.683779220182146,28.727501314572059,0.0],[77.683577047236852,28.726581049712475,0.0],[77.683131825211561,28.726581017302522,0.0],[77.683024270671311,28.726328342330927,0.0],[77.683095993757959,28.725852369982714,0.0],[77.682737725483392,28.725597528203195,0.0],[77.683180475349815,28.724837387328712,0.0],[77.682737761806735,28.72450804038797,0.0],[77.682581660142162,28.724264382178063,0.0],[77.682233658160726,28.724106447156565,0.0],[77.681849859392628,28.724562119273866,0.0],[77.681309816630204,28.725132829171301,0.0],[77.680685457419713,28.725577121088701,0.0],[77.67985885828783,28.726053052113603,0.0],[77.679636199822752,28.72594700700536,0.0],[77.679242101229619,28.726073264902286,0.0],[77.678269643218684,28.726876236647033,0.0],[77.677046547209329,28.725491175079927,0.0],[77.675715713139397,28.726706870697566,0.0],[77.675528915682008,28.726580613836433,0.0],[77.674881560807265,28.726073001758827,0.0],[77.674282887731124,28.72532176543125,0.0],[77.672105456759411,28.723724576004166,0.0],[77.670687828828235,28.723047698552737,0.0],[77.670222233624571,28.72268670686212,0.0],[77.669991904747363,28.72293483544906,0.0],[77.669357154130239,28.723642982930659,0.0],[77.668246301435772,28.725314352374404,0.0],[77.667071305968093,28.727175083589557,0.0],[77.666387955170464,28.727914882834973,0.0],[77.665870957125264,28.728273462454389,0.0],[77.665476744121804,28.728548537927935,0.0],[77.665062102159837,28.729035725546705,0.0],[77.663838559666587,28.730242337753893,0.0],[77.662062307541746,28.731678855915707,0.0],[77.661504256474799,28.732166044804128,0.0],[77.660810627982954,28.732470386542381,0.0],[77.659694788970839,28.732882913392942,0.0],[77.659131705112173,28.733167055832009,0.0],[77.657787994350642,28.733633737420924,0.0],[77.65605004045085,28.734330332993817,0.0],[77.655773833216386,28.733897152433372,0.0],[77.654821630895128,28.734431547265196,0.0],[77.654409698452596,28.734000590845355,0.0],[77.654123235049084,28.733576427112748,0.0],[77.649984896650594,28.733850590969148,0.0],[77.649371074430036,28.732855634398753,0.0],[77.648365800203166,28.731630581696006,0.0],[77.647795409745399,28.730766490104788,0.0],[77.648263849588844,28.730425964832815,0.0],[77.647915960311067,28.729961262435474,0.0],[77.647521798884924,28.730121283836404,0.0],[77.647329965188788,28.729877616862581,0.0],[77.646500829945339,28.730078099739611,0.0],[77.645639091050143,28.728320619485419,0.0],[77.644948540501716,28.727325699076552,0.0],[77.644313688859228,28.727706686411118,0.0],[77.643413550258146,28.726089129882727,0.0],[77.643306271449248,28.725782317756199,0.0],[77.642016850837578,28.724924745919605,0.0],[77.641512951019351,28.724502756447844,0.0],[77.640865819554833,28.723897969689613,0.0],[77.64046893842621,28.724448186768914,0.0],[77.640085297105415,28.723994673974904,0.0],[77.639527183068324,28.724542599585476,0.0],[77.638705479888628,28.725146886840989,0.0],[77.638446888574151,28.725394919279843,0.0],[77.638285505703152,28.725701617335556,0.0],[77.638103554856542,28.726351212660735,0.0],[77.637806324414356,28.727208214579701,0.0],[77.637573202902558,28.727812660361508,0.0],[77.637281158086211,28.728358455427369,0.0],[77.638516911811777,28.729067147813858,0.0],[77.638667755225129,28.729304075459062,0.0],[77.637738497486097,28.729899244876467,0.0],[77.637380144015083,28.730194591754689,0.0],[77.637103554789377,28.73048545926234,0.0],[77.636533128221743,28.730043214284745,0.0],[77.635586722198667,28.729045848264445,0.0],[77.634788660280819,28.728373323696754,0.0],[77.632957260433685,28.726692125351601,0.0],[77.632670738389109,28.726477670486119,0.0],[77.631057866318301,28.72778759957912,0.0],[77.63055356171499,28.728184407348294,0.0],[77.630100399653756,28.728490990979125,0.0],[77.629823916421756,28.728628408770696,0.0],[77.628510651638308,28.729453448926577,0.0],[77.627566052393334,28.730010177762832,0.0],[77.626936289959232,28.730458857602052,0.0],[77.626017204866656,28.731024578455106,0.0],[77.625784278389801,28.731207208345474,0.0],[77.625139960044521,28.730130897386548,0.0],[77.624564589181603,28.729372758870987,0.0],[77.623685880523936,28.72818142974446,0.0],[77.623580903538894,28.728104753970669,0.0],[77.623312204079951,28.727949244613814,0.0],[77.622969117358707,28.72768999971138,0.0],[77.622649072951134,28.727455583824909,0.0],[77.622370032444991,28.727302304386896,0.0],[77.622201105109539,28.727169279995401,0.0],[77.621881124314044,28.726937065371875,0.0],[77.621704444868911,28.726790535444966,0.0],[77.621499593825206,28.72663725582278,0.0],[77.621282055359643,28.726565140733133,0.0],[77.620962070879258,28.726344204059068,0.0],[77.620767539031476,28.726195480241067,0.0],[77.620554999788624,28.726057953444663,0.0],[77.619897082594534,28.72554849019858,0.0],[77.619687156825378,28.725399627305833,0.0],[77.619484893103916,28.725241890057546,0.0],[77.619072688008259,28.724903647346085,0.0],[77.618903767173364,28.724797766885199,0.0],[77.618768107375388,28.724655695384815,0.0],[77.618442927258201,28.724407710916932,0.0],[77.617593020985737,28.723753858458767,0.0],[77.617393349230511,28.723645683441983,0.0],[77.61722953736583,28.723501448027005,0.0],[77.616799436669979,28.723120375174513,0.0],[77.616656138905554,28.723154282782236,0.0],[77.616019133328365,28.723362060634596,0.0],[77.615568874687412,28.723619397432753,0.0],[77.615463836963698,28.723470533142745,0.0],[77.61523086123708,28.723265372942897,0.0],[77.615087492909524,28.723172893996491,0.0],[77.61478286278826,28.722841470977315,0.0],[77.615092360719899,28.722561676450397,0.0],[77.615401886705214,28.722356261800989,0.0],[77.615670514288169,28.722216273996171,0.0],[77.615918650869048,28.722038009444045,0.0],[77.616302349621549,28.721843880811846,0.0],[77.616496709712891,28.721588871022742,0.0],[77.616302039742578,28.721279909603659,0.0],[77.615987145614696,28.72095750641758,0.0],[77.615505882358747,28.720499815447091,0.0],[77.615311236024553,28.720222403117962,0.0],[77.615065398374824,28.719917996418104,0.0],[77.614842669680684,28.719656397107897,0.0],[77.615042125363018,28.719374407778623,0.0],[77.615013828225159,28.719065358259023,0.0],[77.614773102735086,28.718803765959301,0.0],[77.61450426635659,28.718483605011144,0.0],[77.61427647799988,28.718203953109018,0.0],[77.614076713741497,28.717960397065674,0.0],[77.61393840375932,28.717734909311847,0.0],[77.614263298672043,28.717497991679821,0.0],[77.614536970518685,28.717279019029142,0.0],[77.614516374732091,28.716969991592062,0.0],[77.61453669166437,28.716627179815717,0.0],[77.614887279710359,28.716726238416765,0.0],[77.615253142362519,28.716766733423611,0.0],[77.615286307949759,28.716464468799735,0.0],[77.615163260864321,28.716002119149604,0.0],[77.614881707096885,28.715808154074963,0.0],[77.614446630756078,28.71569334275021,0.0],[77.613937410424853,28.715587513032439,0.0],[77.613607245367731,28.715454546480416,0.0],[77.613297534171309,28.715350866480019,0.0],[77.613159472547864,28.71554040314367,0.0],[77.612883114670012,28.715357794109622,0.0],[77.61256827070109,28.715218083664311,0.0],[77.612169067720913,28.715055833635979,0.0],[77.611803003608429,28.714852987416414,0.0],[77.6114524509929,28.714665873303332,0.0],[77.611081291947002,28.714435893340752,0.0],[77.610751065418199,28.71420368022881,0.0],[77.610528622116007,28.714501556873167,0.0],[77.610303587151506,28.714815168830064,0.0],[77.609830114347346,28.714614564828061,0.0],[77.609464151602069,28.714395848314002,0.0],[77.609105785897654,28.714123038464891,0.0],[77.608714222142339,28.713942733587078,0.0],[77.608322691695818,28.713771508235091,0.0],[77.60796441234173,28.713656543979567,0.0],[77.6076828549037,28.713485220399395,0.0],[77.607447414570643,28.713280008187759,0.0],[77.607158164758317,28.713000432118587,0.0],[77.606925200861724,28.712720781095442,0.0],[77.606669116839797,28.712215615717671,0.0],[77.606533408593435,28.711888533648814,0.0],[77.606366968880309,28.711633724321675,0.0],[77.606049727414117,28.711748848578605,0.0],[77.605768373675403,28.711918165853934,0.0],[77.60560959739442,28.711584316920327,0.0],[77.605328113894458,28.711609267268837,0.0],[77.605169592102072,28.711796565611046,0.0],[77.605003394749133,28.712058223754028,0.0],[77.604778174364768,28.711857562667227,0.0],[77.604550300361552,28.711546341100242,0.0],[77.604411976407874,28.71124187287521,0.0],[77.604260917723565,28.710939688927137,0.0],[77.604048381506786,28.71065327657421,0.0],[77.603759026615649,28.710093950546703,0.0],[77.603518417982301,28.709742087773062,0.0],[77.603298313750003,28.709503070462958,0.0],[77.602794213589277,28.709462583069264,0.0],[77.602323469212621,28.709467262360636,0.0],[77.601878241232441,28.709438111297803,0.0],[77.601448461552039,28.709546494298266,0.0],[77.601077462881761,28.709627784451609,0.0],[77.600757659151625,28.709697826363112,0.0],[77.600609194852211,28.70939109199805,0.0],[77.600424842432304,28.709154258248049,0.0],[77.600276385152412,28.7088633897813,0.0],[77.600086931309761,28.708513756656263,0.0],[77.599943469509483,28.70822287178056,0.0],[77.599800098034294,28.707927401134945,0.0],[77.599533984261313,28.707706398239072,0.0],[77.599242429312326,28.707956813730519,0.0],[77.599004373913672,28.707866656429545,0.0],[77.598871278628991,28.707717813981105,0.0],[77.598664050814136,28.707566757664594,0.0],[77.598449188095969,28.707767604717954,0.0],[77.598264912941985,28.70759167018107,0.0],[77.598080576863339,28.707413533207525,0.0],[77.597801634051777,28.707210585474133,0.0],[77.597530363888239,28.707014448923392,0.0],[77.5972130553357,28.706719020852486,0.0],[77.596921261599618,28.706486803172403,0.0],[77.59666019529223,28.706263486069698,0.0],[77.596250868963679,28.706261365737067,0.0],[77.595861964992523,28.706225340434536,0.0],[77.595603413696878,28.7059366627294,0.0],[77.595449894801774,28.705693131564725,0.0],[77.595245113100702,28.705399942405229,0.0],[77.595017286045035,28.705007532719751,0.0],[77.594827846379658,28.70475493003482,0.0],[77.594589859149622,28.704441428376143,0.0],[77.594418380717812,28.704206888872985,0.0],[77.594200801839861,28.703897912656018,0.0],[77.593952545762463,28.703577651163425,0.0],[77.593729815849528,28.703239336975308,0.0],[77.593558352852696,28.702923625445042,0.0],[77.593328015612599,28.702736441262836,0.0],[77.593151433190258,28.702470271280841,0.0],[77.592974790710315,28.702089083669946,0.0],[77.592741814664109,28.70183426212953,0.0],[77.592173590661289,28.700981787283204,0.0],[77.591892129751955,28.700738248663061,0.0],[77.591700211486724,28.700458545626084,0.0],[77.591515970867206,28.700244263449079,0.0],[77.591134569117287,28.699554097744311,0.0],[77.590957944302531,28.699274440351843,0.0],[77.590786452251663,28.699046681878109,0.0],[77.590627762309467,28.698791783570833,0.0],[77.590476759214511,28.698591115813727,0.0],[77.590192769138426,28.698435495587379,0.0],[77.589947201396797,28.698460408485502,0.0],[77.589609523712497,28.698600326262898,0.0],[77.589246297845435,28.698780856756493,0.0],[77.588849794646151,28.698907227032151,0.0],[77.588437965635194,28.699110319103525,0.0],[77.588156557032192,28.699277314908308,0.0],[77.587550332709526,28.699617986254349,0.0],[77.587263801807936,28.699764723724407,0.0],[77.586964564392758,28.699992533611546,0.0],[77.58673427852689,28.700173046933084,0.0],[77.586404290107652,28.700312982090487,0.0],[77.586033445398925,28.700488986372005,0.0],[77.585828716089196,28.70066043722267,0.0],[77.584856750340677,28.701298984421832,0.0],[77.584570238224543,28.701567428325472,0.0],[77.584270976842092,28.70184953038877,0.0],[77.583956263880594,28.701813404873384,0.0],[77.583610901749637,28.70186083055448,0.0],[77.583252672552845,28.701874492361235,0.0],[77.582884359837863,28.701903867434819,0.0],[77.582541509102839,28.701854289278515,0.0],[77.582180714489894,28.701834064353509,0.0],[77.581819976192506,28.701800264934075,0.0],[77.581423415960288,28.701741616740705,0.0],[77.581070394177218,28.701669501811192,0.0],[77.580622681882957,28.701619983893298,0.0],[77.58027208837315,28.701615501467003,0.0],[77.579873059935991,28.701550116462414,0.0],[77.579599230805556,28.701514051220087,0.0],[77.579246209225047,28.701484765392813,0.0],[77.57890600065987,28.701635995099245,0.0],[77.578547832723785,28.701753289800138,0.0],[77.578164070625888,28.701870655283294,0.0],[77.577713840243106,28.702062405908197,0.0],[77.577455364216434,28.701809834904196,0.0],[77.577296680074141,28.701609130664309,0.0],[77.576992290301192,28.701491884079523,0.0],[77.576672422545244,28.701394855685933,0.0],[77.576370571017279,28.701318186564247,0.0],[77.576081417787691,28.701273169427388,0.0],[77.575779508267743,28.701370124129831,0.0],[77.575559549706867,28.701505560001408,0.0],[77.575262786706631,28.701749161091556,0.0],[77.574771564572259,28.701882315445626,0.0],[77.574459468555929,28.701909404979411,0.0],[77.57408853676796,28.701875616786527,0.0],[77.573963122699595,28.701622950498962,0.0],[77.573586989646969,28.701647782885999,0.0],[77.573356772163976,28.702031347459194,0.0],[77.573154735229224,28.70242606887496,0.0],[77.572806806502541,28.70245545518641,0.0],[77.572405172646199,28.702432936898994,0.0],[77.572108340471686,28.702200595831087,0.0],[77.57181921850318,28.701956997092584,0.0],[77.571478957898549,28.701977325058706,0.0],[77.571148881066534,28.702008905206572,0.0],[77.570836783924264,28.702035988576604,0.0],[77.569984859059574,28.702042849180319,0.0],[77.569677783619937,28.701839789687799,0.0],[77.569478245504271,28.701643592435431,0.0],[77.569245387715341,28.70143835803043,0.0],[77.568989529161371,28.701244330911095,0.0],[77.568825758459255,28.70102785634149,0.0],[77.568347396059323,28.700583439270208,0.0],[77.568083825285996,28.700310596202208,0.0],[77.567856107390313,28.700071501014346,0.0],[77.567646300138932,28.699836897178908,0.0],[77.567354680900223,28.699514372675949,0.0],[77.566942750743721,28.699115079043828,0.0],[77.566351700518595,28.698524111867449,0.0],[77.566062589542426,28.698142920391817,0.0],[77.565793948146862,28.697874489389989,0.0],[77.565540705518714,28.69762188584226,0.0],[77.565213226405419,28.697394014850509,0.0],[77.565292586470221,28.697060167682995,0.0],[77.565474215296362,28.696715036769497,0.0],[77.56566348823624,28.696415057754084,0.0],[77.565420422088962,28.696126377783315,0.0],[77.565223403805504,28.695871419425998,0.0],[77.565026439762178,28.695603068450797,0.0],[77.564563341571983,28.69505036237204,0.0],[77.564299878269281,28.694666896408656,0.0],[77.564133603678442,28.694382686162914,0.0],[77.564358650713118,28.694109759458264,0.0],[77.564297268304784,28.693685713117539,0.0],[77.56407729747427,28.69334959502763,0.0],[77.56385725589756,28.693128585564601,0.0],[77.563547705418827,28.692756338135389,0.0],[77.563800983143807,28.692481183029773,0.0],[77.563997981114554,28.69226460389719,0.0],[77.564284487475106,28.691912724094536,0.0],[77.564486535495007,28.69151800724136,0.0],[77.564241008312052,28.691265332075229,0.0],[77.564010663143108,28.690890898177354,0.0],[77.563824010709766,28.690638294234247,0.0],[77.563657629824419,28.690290882780079,0.0],[77.563511870456409,28.690011201822635,0.0],[77.56334041743105,28.689911912336438,0.0],[77.562954201605407,28.689460804055805,0.0],[77.562637021565152,28.688969014217268,0.0],[77.562424638082291,28.68861264459537,0.0],[77.562253212331868,28.688278820976599,0.0],[77.562066517920471,28.687981085005898,0.0],[77.561895173031616,28.687669733785494,0.0],[77.561626564725358,28.687311128427542,0.0],[77.561419384097022,28.68713516167621,0.0],[77.561130310379923,28.686934372791928,0.0],[77.560843773910563,28.686837450698793,0.0],[77.560580257861048,28.686733634428581,0.0],[77.560037959028307,28.686487793409714,0.0],[77.559754103367169,28.686397515130142,0.0],[77.559480375086764,28.686257678447973,0.0],[77.559178500775133,28.686221605083567,0.0],[77.558943150047412,28.686537388220795,0.0],[77.558710361064954,28.686796800827665,0.0],[77.558469934388526,28.687058480143307,0.0],[77.557569464718767,28.686661411024097,0.0],[77.557334124028216,28.686399706414871,0.0],[77.556909494808011,28.68620573398891,0.0],[77.556543767182518,28.68612676387928,0.0],[77.556103780152981,28.686126731548839,0.0],[77.555684294756503,28.686099677485611,0.0],[77.555320982838168,28.686088340920858,0.0],[77.554881056346844,28.686106375461598,0.0],[77.554418050936377,28.685912359241758,0.0],[77.554198085255493,28.685704817747077,0.0],[77.553952505499879,28.685535682322495,0.0],[77.553320700987427,28.685731835785575,0.0],[77.553023937144744,28.685853686110534,0.0],[77.552681108477486,28.685731855582929,0.0],[77.552371698648571,28.685587423127679,0.0],[77.552151710664347,28.685418218326436,0.0],[77.551957248814617,28.685246836995503,0.0],[77.551655463402241,28.685095639728381,0.0],[77.551345967070162,28.684971566191603,0.0],[77.550975033348905,28.684935429463575,0.0],[77.550673157533637,28.685036925606834,0.0],[77.55027928637503,28.685140680392887,0.0],[77.549908329072295,28.685237631246849,0.0],[77.549504173256494,28.68529848274299,0.0],[77.549125590527709,28.685386417719297,0.0],[77.548734228510213,28.685447280088688,0.0],[77.548396564801891,28.685454023710943,0.0],[77.547964201413436,28.685415654155612,0.0],[77.547557546618066,28.685429134443428,0.0],[77.547214680911068,28.685356913364657,0.0],[77.546754261860656,28.68523280682972,0.0],[77.546362985934422,28.685068027051276,0.0],[77.545989538610698,28.68477474145487,0.0],[77.546094439173288,28.684461284284385,0.0],[77.546232626359583,28.684147695176776,0.0],[77.546329903218307,28.683840999673428,0.0],[77.546501373333612,28.683495818210687,0.0],[77.546652245017967,28.683150779598044,0.0],[77.546721363317459,28.682821454009506,0.0],[77.546859603996069,28.682431183959,0.0],[77.547002926234711,28.682083827183213,0.0],[77.546880140189714,28.681738713004165,0.0],[77.54671390799227,28.681465760477991,0.0],[77.54653488390116,28.68117701824746,0.0],[77.546274017265816,28.680892797207296,0.0],[77.545997790506505,28.680680710251441,0.0],[77.545757386535968,28.680371670239499,0.0],[77.545552809485017,28.680091889566381,0.0],[77.545312439004064,28.679870811847369,0.0],[77.545223003850978,28.679591056017667,0.0],[77.545064444640786,28.67924594142897,0.0],[77.544921220620324,28.678930136690937,0.0],[77.544660407001061,28.678596289286833,0.0],[77.544371440894579,28.678066087628245,0.0],[77.544599099716123,28.677761668599558,0.0],[77.54477059504201,28.677441344148338,0.0],[77.545023823329217,28.67710081114118,0.0],[77.545581483311736,28.676539130094753,0.0],[77.545829685205277,28.676221173972088,0.0],[77.545865592724937,28.675724855826921,0.0],[77.545686519480299,28.67548123732788,0.0],[77.546581905175117,28.674960327061989,0.0],[77.547062766834159,28.674658049005224,0.0],[77.546827502699685,28.673904680583743,0.0],[77.546221615496933,28.672190216113304,0.0],[77.546538867611176,28.671935415049234,0.0],[77.546884141776573,28.671694069417825,0.0],[77.546799757085992,28.671353482255654,0.0],[77.546648885318476,28.670972250488692,0.0],[77.546523645539693,28.670667727031425,0.0],[77.546388139968414,28.670340572138787,0.0],[77.546209161829367,28.670013483872719,0.0],[77.546523821346071,28.669636832458963,0.0],[77.547280877193955,28.669393276244541,0.0],[77.546812899650092,28.668775201438638,0.0],[77.546646744553726,28.668441337739079,0.0],[77.546470293650628,28.668139053345229,0.0],[77.546304125369659,28.667848025296937,0.0],[77.546125092364591,28.667518640687678,0.0],[77.545836203658737,28.667180323427253,0.0],[77.54578507505822,28.666751729187492,0.0],[77.546360648334257,28.666307353767444,0.0],[77.546731473691281,28.666045759886092,0.0],[77.547419550078118,28.66559696343203,0.0],[77.54777759660783,28.66540304664872,0.0],[77.548038539085994,28.665186450756703,0.0],[77.548465648578841,28.664870772854261,0.0],[77.54893118101117,28.664663277446511,0.0],[77.549301921925704,28.665064761952969,0.0],[77.549565334164868,28.665403142727957,0.0],[77.550005173184019,28.665755143449694,0.0],[77.550173951128656,28.666093448047771,0.0],[77.550759686141248,28.665755155334104,0.0],[77.551391413812183,28.66541013563241,0.0],[77.551900350268468,28.665105608575182,0.0],[77.552506534295361,28.664789911788233,0.0],[77.553015438395178,28.66452372267586,0.0],[77.553675382181126,28.664160596220512,0.0],[77.553949004094576,28.664038846425832,0.0],[77.554266199034743,28.663869607362606,0.0],[77.554567940141041,28.663698203883296,0.0],[77.554844201350079,28.663542646116582,0.0],[77.555243092149738,28.663407309062727,0.0],[77.555519299117279,28.663619295112458,0.0],[77.555959274358074,28.663547141974721,0.0],[77.556232875473739,28.663389247955038,0.0],[77.556534657723674,28.663231416727388,0.0],[77.55689269882842,28.663026105945654,0.0],[77.557181707326407,28.662904310648234,0.0],[77.557552545350163,28.662793855043482,0.0],[77.557841548728135,28.662624636205773,0.0],[77.55821239600607,28.662455474655246,0.0],[77.5585986000182,28.662261505783842,0.0],[77.558941319447754,28.662078796656747,0.0],[77.559463021618384,28.661837455178002,0.0],[77.56049368272835,28.661309627487228,0.0],[77.561250665669007,28.660885577773335,0.0],[77.561854187452084,28.660533662435121,0.0],[77.562513973395653,28.660229109369034,0.0],[77.563201997198917,28.659926911458271,0.0],[77.563547246124998,28.659757713392025,0.0],[77.563861726915761,28.659502831632892,0.0],[77.564040801892489,28.658914019433219,0.0],[77.564053484393867,28.658235068359346,0.0],[77.564659634112559,28.65782227498617,0.0],[77.564534284724544,28.657495193358557,0.0],[77.564301621784921,28.657289938858813,0.0],[77.564109789071026,28.656938086449376,0.0],[77.563971644613744,28.65665382760783,0.0],[77.563792671119458,28.65615531432163,0.0],[77.564012615591651,28.655900456554562,0.0],[77.564232519034974,28.655573317999433,0.0],[77.564467739610933,28.655271086158599,0.0],[77.564769448590951,28.65484475219877,0.0],[77.565140306677691,28.654492853149264,0.0],[77.565636419929035,28.653856763988067,0.0],[77.566019912156079,28.653236386418502,0.0],[77.566211673398314,28.652938625420113,0.0],[77.565909940772727,28.652485206122158,0.0],[77.565482926396086,28.651903292587193,0.0],[77.565124826490958,28.65138672794501,0.0],[77.564876762452201,28.651145372832421,0.0],[77.564700312493926,28.650879240270964,0.0],[77.564534133925122,28.650635554720235,0.0],[77.564273248012,28.6503694198381,0.0],[77.563833395290246,28.649859676991383,0.0],[77.563493297424358,28.64943327546289,0.0],[77.563204350356074,28.649516742992585,0.0],[77.562902682931096,28.649681470033215,0.0],[77.562641851057279,28.64953485398118,0.0],[77.562503715567274,28.649340851460217,0.0],[77.562186653332276,28.64904982245006,0.0],[77.561457832320926,28.64837091738157,0.0],[77.560578274496009,28.647594951677529,0.0],[77.560478753866633,28.647640091679904,0.0],[77.560225332394566,28.647755039276298,0.0],[77.560020828602973,28.647901707607872,0.0],[77.559729245368587,28.648034754480594,0.0],[77.559386656174183,28.648228753289011,0.0],[77.559110469335991,28.648303144974967,0.0],[77.558780577945356,28.648485871431532,0.0],[77.558435340171215,28.648666343624409,0.0],[77.558243608949766,28.648946026656652,0.0],[77.557885528092115,28.649203169990518,0.0],[77.557568448084012,28.64934756399575,0.0],[77.557182360769843,28.649579877742831,0.0],[77.556540465727366,28.649949813654029,0.0],[77.556113451869706,28.650058033067438,0.0],[77.555975363097033,28.649936215318323,0.0],[77.555824535796603,28.649584331894815,0.0],[77.555714563498029,28.649412860759401,0.0],[77.555438315790468,28.649548244050052,0.0],[77.555108521454414,28.649730872452025,0.0],[77.554778609152066,28.6499722948627,0.0],[77.55466860216832,28.65025194022294,0.0],[77.554377118338877,28.650495602038401,0.0],[77.554019108525438,28.650653395451855,0.0],[77.553717292572969,28.650824891558294,0.0],[77.553331120498527,28.651066183632686,0.0],[77.55297309507381,28.651298549757062,0.0],[77.552712283185897,28.651542126880873,0.0],[77.552400347528064,28.651255652402543,0.0],[77.551766137933797,28.651582666084021,0.0],[77.551285342220197,28.651765356266409,0.0],[77.550541281721564,28.651133685786245,0.0],[77.550086124837009,28.651255399980101,0.0],[77.549479998885801,28.651571185162037,0.0],[77.548459639249131,28.652153044224871,0.0],[77.548053007581998,28.652281550460472,0.0],[77.547267822975456,28.652743911815492,0.0],[77.546868913753684,28.652865654925836,0.0],[77.546482790126362,28.652829546293983,0.0],[77.546137580149917,28.652949086421479,0.0],[77.546068558217542,28.652658073862046,0.0],[77.545559584623462,28.652876821233459,0.0],[77.545222612126608,28.652889887778951,0.0],[77.545152989730212,28.65289258765559,0.0],[77.545069567399409,28.65286747736765,0.0],[77.544815474741128,28.652790995866638,0.0],[77.543135539214461,28.652202050765474,0.0],[77.542419544950334,28.651872650407093,0.0],[77.541907769957518,28.651686000206837,0.0],[77.541874937866055,28.651674026183397,0.0],[77.541909269383552,28.651610142552681,0.0],[77.542061601606335,28.651326682129405,0.0],[77.542475965226473,28.650875611009653,0.0],[77.543284185133061,28.650000482313249,0.0],[77.543528606638134,28.64971850886586,0.0],[77.543557875250571,28.649684743641714,0.0],[77.543609030665479,28.64965345230523,0.0],[77.543875018308555,28.649490754369243,0.0],[77.544115401638692,28.649339705185454,0.0],[77.544764964524148,28.648699154334796,0.0],[77.545054010068696,28.648469139135408,0.0],[77.54532252630969,28.648209730933203,0.0],[77.5458876874373,28.647693269608883,0.0],[77.546158784372821,28.647381980334927,0.0],[77.546399278949494,28.647109022255986,0.0],[77.546639665257501,28.646788821088148,0.0],[77.546887762630249,28.646473049091405,0.0],[77.547087208900038,28.646145981484128,0.0],[77.547289300791974,28.645911416304791,0.0],[77.547603837934588,28.645548230591274,0.0],[77.547453041438544,28.645243668726582,0.0],[77.547220383954453,28.644977476929519,0.0],[77.54703376117584,28.644733823156731,0.0],[77.546783145549185,28.644476710955928,0.0],[77.54648918649319,28.644192423687784,0.0],[77.546269320468056,28.643894688401414,0.0],[77.546550629831572,28.643671338012187,0.0],[77.546893255742447,28.643502223349863,0.0],[77.547133684734249,28.643416571711295,0.0],[77.546980219263276,28.643073625606366,0.0],[77.546829455239347,28.642699165016335,0.0],[77.547146540151857,28.642369865553157,0.0],[77.547502067082675,28.642078948005707,0.0],[77.547558327137338,28.641783434880047,0.0],[77.547479088848192,28.641530788849753,0.0],[77.5474663797403,28.641178903665011,0.0],[77.547422905976518,28.640784166950898,0.0],[77.547341125966199,28.640439017497538,0.0],[77.54720064189766,28.640028481423876,0.0],[77.546967935486805,28.639744215482835,0.0],[77.546845292470977,28.639288545736459,0.0],[77.546727672383014,28.638968254488173,0.0],[77.547047334605352,28.638697608111205,0.0],[77.547494858733288,28.638528451201672,0.0],[77.547837469709393,28.638327686479531,0.0],[77.547832380336132,28.638032238474402,0.0],[77.547525665317607,28.637409638004112,0.0],[77.547134586084525,28.636820871982941,0.0],[77.546832808743261,28.636838802666983,0.0],[77.546482547496836,28.63686360233562,0.0],[77.546076022824977,28.636899644041886,0.0],[77.545774344917945,28.636712374907084,0.0],[77.545178643129219,28.636387485545963,0.0],[77.544278759753809,28.635697142648148,0.0],[77.544051294799573,28.635453496429758,0.0],[77.54347091823891,28.634916571473909,0.0],[77.542893204610365,28.634381886373156,0.0],[77.54240755685889,28.633860724007526,0.0],[77.542117959619844,28.633579609329445,0.0],[77.542049690042717,28.633513338293987,0.0],[77.54201847210112,28.633578077946186,0.0],[77.541911565723353,28.633799796258725,0.0],[77.541801515108617,28.634023025437045,0.0],[77.541622558890609,28.634255375695325,0.0],[77.541282483178293,28.63411768232638,0.0],[77.540944983879939,28.634275583328371,0.0],[77.540668856882462,28.634458277729745,0.0],[77.540318492432874,28.634735595228992,0.0],[77.53971497600989,28.635100926094815,0.0],[77.539418406959342,28.635281377782551,0.0],[77.53905786415352,28.635436992263749,0.0],[77.538482331698617,28.636625659983626,0.0],[77.538175432828325,28.636860162084727,0.0],[77.537871145687262,28.637114976071043,0.0],[77.537528400428343,28.637374333215877,0.0],[77.537162779581053,28.637617926148611,0.0],[77.536868695805083,28.637829873218163,0.0],[77.536531105847487,28.638012529809508,0.0],[77.536211430165054,28.63817262045367,0.0],[77.535925072072885,28.638298918587619,0.0],[77.535587495234225,28.638470289636466,0.0],[77.535242264511211,28.638686765392602,0.0],[77.535641010952347,28.639153769425796,0.0],[77.535349488008748,28.639388318242204,0.0],[77.535065590164479,28.639552902875408,0.0],[77.534776679651316,28.639776209054915,0.0],[77.534467241719582,28.64000167349527,0.0],[77.534150709070389,28.640175895032513,0.0],[77.534045267012019,28.640233931267659,0.0],[77.533995729896517,28.640273343759258,0.0],[77.533495383082894,28.640671430628338,0.0],[77.53322689464197,28.64087661061863,0.0],[77.531758846486682,28.642037974647398,0.0],[77.531462157212175,28.642254457680977,0.0],[77.531152736111153,28.642473219958823,0.0],[77.530843297746657,28.642703263063353,0.0],[77.530602811766528,28.642953544012887,0.0],[77.530293385845525,28.643188080822167,0.0],[77.529925060347225,28.643440603030971,0.0],[77.529607996276155,28.643677406096646,0.0],[77.529168047552034,28.64398633242816,0.0],[77.528781827296385,28.644270497430629,0.0],[77.528418646609182,28.644556851632018,0.0],[77.528027366000018,28.644786815413884,0.0],[77.527387961953593,28.645174655315468,0.0],[77.527029890289754,28.645418156126386,0.0],[77.52685601346478,28.645659462654539,0.0],[77.526685993054627,28.645827444834367,0.0],[77.526623194416572,28.645889489797952,0.0],[77.526534993080759,28.645958625428566,0.0],[77.526277889246785,28.646160156457665,0.0],[77.525968504408212,28.646214162794067,0.0],[77.52558226820706,28.646414844229202,0.0],[77.524341897124643,28.647023508172808,0.0],[77.52404522378724,28.64717007927538,0.0],[77.52374342867715,28.647291802794896,0.0],[77.522267731335461,28.647936520362375,0.0],[77.521868805096801,28.648105533662719,0.0],[77.521482587762506,28.648299418090282,0.0],[77.521111782280855,28.648450427548923,0.0],[77.520761379041232,28.648626336943408,0.0],[77.520403306166813,28.64875928936139,0.0],[77.520042726276046,28.64887192917157,0.0],[77.519973870766435,28.648887548060799,0.0],[77.51970511719145,28.64894850879821,0.0],[77.519429861009854,28.649000985038761,0.0],[77.519362533354482,28.649013819593296,0.0],[77.519275466588425,28.64905189840777,0.0],[77.519037654712378,28.649155906950348,0.0],[77.51870778233598,28.649245997878111,0.0],[77.518405905613562,28.649428617318282,0.0],[77.518035061436009,28.64958640767377,0.0],[77.517776944007096,28.649358487603337,0.0],[77.517467560012363,28.649146373842431,0.0],[77.517166000118223,28.648891359554625,0.0],[77.516808051012703,28.648643082174214,0.0],[77.516227878128348,28.64805186026058,0.0],[77.515918565293163,28.647742786186306,0.0],[77.515629732893913,28.647465217628159,0.0],[77.515443224002283,28.647239599298658,0.0],[77.514972972229501,28.646648430254857,0.0],[77.514464390481393,28.646102344466012,0.0],[77.514155131400685,28.645739055013575,0.0],[77.513907149515219,28.645488627814586,0.0],[77.513615779539364,28.645177258748465,0.0],[77.513265641551882,28.644892860386644,0.0],[77.512941027901945,28.644590511902607,0.0],[77.512667546935006,28.644346748267651,0.0],[77.51239150564119,28.644116611796019,0.0],[77.512079653016997,28.643888669635302,0.0],[77.511798534347804,28.643662947563822,0.0],[77.511399754512141,28.64338310669859,0.0],[77.51182691437414,28.64294120431715,0.0],[77.511359207193934,28.64257782443913,0.0],[77.511079260485033,28.642376867392915,0.0],[77.511003917500801,28.642322782740621,0.0],[77.510926329914298,28.642354921629838,0.0],[77.51066116519705,28.642464760240685,0.0],[77.510016775582343,28.642730730259338,0.0],[77.50950773450208,28.643003485733988,0.0],[77.508561407806582,28.643449669453044,0.0],[77.508308233263634,28.643697699424518,0.0],[77.508024206037646,28.643939011733838,0.0],[77.507591939274363,28.644157646092037,0.0],[77.507213380466652,28.644394270918575,0.0],[77.506875846866507,28.644581359479325,0.0],[77.506474217905804,28.644754971372009,0.0],[77.506026692524216,28.644966758563537,0.0],[77.505737638664328,28.645111030436176,0.0],[77.505379552791197,28.645311644841129,0.0],[77.504995896317084,28.645480671994907,0.0],[77.504379392307513,28.645884188746564,0.0],[77.50408270593897,28.646102821102492,0.0],[77.503780817300409,28.646321555907981,0.0],[77.503553166507544,28.646519893408566,0.0],[77.503251300066111,28.646799535331628,0.0],[77.50294938967626,28.646993317823171,0.0],[77.502691041517593,28.64723914804809,0.0],[77.502077100444168,28.647705805329078,0.0],[77.501424748798996,28.648143147086582,0.0],[77.50114849696098,28.648348242980333,0.0],[77.500795417090188,28.648630013583769,0.0],[77.500562601075757,28.648826154733172,0.0],[77.499897988978475,28.648455995437214,0.0],[77.498759899956937,28.647736176026193,0.0],[77.498124997529885,28.647249243617171,0.0],[77.497163677219703,28.645931631225892,0.0],[77.496589140181968,28.644771425761636,0.0],[77.495789924409038,28.643667316915646,0.0],[77.491372947124802,28.638919781793913,0.0],[77.49081653726266,28.638411110147164,0.0],[77.490347004425118,28.637977188359798,0.0],[77.489301515623197,28.637488345208723,0.0],[77.487800354224078,28.636909770261003,0.0],[77.487002677517253,28.636507366762331,0.0],[77.486179302658428,28.636347640150472,0.0],[77.486055216862553,28.636056735686516,0.0],[77.485994979349911,28.63569345084224,0.0],[77.485914232193522,28.63531608418036,0.0],[77.486121549293401,28.634833173847035,0.0],[77.485199988183226,28.63361698897755,0.0],[77.483494817623551,28.633617650039543,0.0],[77.483259686052833,28.633556765669272,0.0],[77.48317418219861,28.633534626287311,0.0],[77.48310603552541,28.633517007584956,0.0],[77.481322764367206,28.633055957084995,0.0],[77.480807713398576,28.632818505582993,0.0],[77.479905139459234,28.631951165150429,0.0],[77.478571351396809,28.630558727463708,0.0],[77.478301603081391,28.630017837890193,0.0],[77.478241693158012,28.629127094036495,0.0],[77.477957636365474,28.629035464427975,0.0],[77.477264336168616,28.628873155976841,0.0],[77.476931941712778,28.628601882172003,0.0],[77.477093799815449,28.628310897303724,0.0],[77.477690058202668,28.62787541561821,0.0],[77.477775358334625,28.627514420581225,0.0],[77.477550329377053,28.627331989588978,0.0],[77.47387309881438,28.627172960980708,0.0],[77.473564908985225,28.627246057915357,0.0],[77.464484503899754,28.633560070805679,0.0],[77.45952485610475,28.637127568022457,0.0],[77.458253413836175,28.638033821769987,0.0],[77.456592761209265,28.637888136227801,0.0],[77.455650150560174,28.636951226928858,0.0],[77.453348428414913,28.634093808704254,0.0],[77.453333306182913,28.634070633818936,0.0],[77.452823629410716,28.633319482376574,0.0],[77.452525935072089,28.63287900956546,0.0],[77.450558229174973,28.630471757984555,0.0],[77.449740560905937,28.629784472955251,0.0],[77.447030748877836,28.628333090430406,0.0],[77.445923323498278,28.627581522980552,0.0],[77.444836952336772,28.626311996754247,0.0],[77.443543116779438,28.625020792100809,0.0],[77.443340239537463,28.624522187417984,0.0],[77.442431761915344,28.623957241444174,0.0],[77.44150637573081,28.623203968163445,0.0],[77.440127772533799,28.622498462477807,0.0],[77.439924549319883,28.622270471008967,0.0],[77.439840544625369,28.622310391057923,0.0],[77.43902791024793,28.622645947721633,0.0],[77.438340083150322,28.622978915044911,0.0],[77.438074020891762,28.623277366631282,0.0],[77.437717538789144,28.623423006446203,0.0],[77.437399699098378,28.623459187104309,0.0],[77.437171997371678,28.623409665897793,0.0],[77.436913777449718,28.62332754884995,0.0],[77.436720940624767,28.623099707419467,0.0],[77.436457339266099,28.622774409837547,0.0],[77.436012429900543,28.622418680234471,0.0],[77.435445823368724,28.622418755373907,0.0],[77.434690628548339,28.622489185938086,0.0],[77.433977676618042,28.622275918350116,0.0],[77.433735429204646,28.622175706020371,0.0],[77.433310149570403,28.622632123903522,0.0],[77.433004483194082,28.623085877768823,0.0],[77.43251514703978,28.623371557123573,0.0],[77.432169322369106,28.623755862565492,0.0],[77.432067829132265,28.62413951023504,0.0],[77.431925533012389,28.624233542013407,0.0],[77.431804591315952,28.624300396368191,0.0],[77.431680726611333,28.62425712419617,0.0],[77.431450278075843,28.624340564247955,0.0],[77.431319416631297,28.624384326358609,0.0],[77.431117602599926,28.624339800614663,0.0],[77.430845691472825,28.624165720693629,0.0],[77.43065493448114,28.62408926574809,0.0],[77.43040445763954,28.624135688868481,0.0],[77.430069886800027,28.624226625421443,0.0],[77.42959905117786,28.624622672680363,0.0],[77.428987903734551,28.625016459979008,0.0],[77.42833436531312,28.624946310652877,0.0],[77.428244410762687,28.625022834646451,0.0],[77.428106074028889,28.625176553023739,0.0],[77.427406503532737,28.625321231349453,0.0],[77.425525237205633,28.625295501943729,0.0],[77.422373749391525,28.625107066136433,0.0],[77.421694611750482,28.625018129751179,0.0],[77.419285830456602,28.626364390646067,0.0],[77.415867241867559,28.628701983120269,0.0],[77.414745445782756,28.629469494236002,0.0],[77.41380230155724,28.629825741442467,0.0],[77.413183215362224,28.629847821190353,0.0],[77.411783041849475,28.629682949994173,0.0],[77.410194030094416,28.629349886363332,0.0],[77.408216809805396,28.629684740657407,0.0],[77.407273644198838,28.630040949166943,0.0],[77.40684148189807,28.630322889846532,0.0],[77.406278026882163,28.630419232135697,0.0],[77.405255452851364,28.630608957268556,0.0],[77.405255145977719,28.63060901465974,0.0],[77.403076535363013,28.631623939889217,0.0],[77.401080738811856,28.63259594392866,0.0],[77.400517040502507,28.633449052205496,0.0],[77.399880543093474,28.634561992951777,0.0],[77.399880307796522,28.634562405582479,0.0],[77.398795997038206,28.636443597583913,0.0],[77.398704384625916,28.636598048710326,0.0],[77.398596510060401,28.636784342661198,0.0],[77.392021143352181,28.634746152629134,0.0],[77.391073656739309,28.634313297005892,0.0],[77.390539427713989,28.634749469900427,0.0],[77.39019700295718,28.635211708626773,0.0],[77.389757274230647,28.635851232561386,0.0],[77.389314896626558,28.636714309850976,0.0],[77.387185704726676,28.636010992965129,0.0],[77.386318291842414,28.635726191772562,0.0],[77.385557608583156,28.635557796970026,0.0],[77.384933775227466,28.635556756884757,0.0],[77.384237749173323,28.635774688939655,0.0],[77.383369929693998,28.636003563618587,0.0],[77.382730213431373,28.636016014458125,0.0],[77.381648827636567,28.636264312123867,0.0],[77.380893210065892,28.636595917892624,0.0],[77.380320021119033,28.636905027090478,0.0],[77.380241141839718,28.636947564235168,0.0],[77.380165047730074,28.636902165394698,0.0],[77.379743115693827,28.636650439121816,0.0],[77.378221495437444,28.635093543285905,0.0],[77.376812933237545,28.634093466090626,0.0],[77.374770725362012,28.632573844881694,0.0],[77.373823768779886,28.631627190305583,0.0],[77.37385514346542,28.631618533070728,0.0],[77.374958195423119,28.631081684591738,0.0],[77.376555999039255,28.628777923905236,0.0],[77.375947615421254,28.627800143473063,0.0],[77.375163911709038,28.626755264722405,0.0],[77.374171294150827,28.625018943319688,0.0],[77.373780103858479,28.624342854059424,0.0],[77.373559302300492,28.623967701158996,0.0],[77.37324432067031,28.623375423276102,0.0],[77.373104376269453,28.622863997813621,0.0],[77.373245877888621,28.622563603467302,0.0],[77.373431333736335,28.622312328890999,0.0],[77.373433178907248,28.622309829226435,0.0],[77.373422045243743,28.622098657300317,0.0],[77.373180622150983,28.621961672283707,0.0],[77.372844950437056,28.622102924435424,0.0],[77.372260937207031,28.622680413922581,0.0],[77.371358286510215,28.623330629791447,0.0],[77.370138194574736,28.623750864290326,0.0],[77.36852612275851,28.624270124976881,0.0],[77.367518143667539,28.624492019174014,0.0],[77.363844824622475,28.624646999835822,0.0],[77.361777527427179,28.621874599221243,0.0],[77.358422934799847,28.617796581463196,0.0],[77.358835834872053,28.616711764577961,0.0],[77.359894962059883,28.615302798111045,0.0],[77.360683921921151,28.614866337652469,0.0],[77.366874245130589,28.611450480654383,0.0],[77.368320609923799,28.610648703769726,0.0],[77.369135878424004,28.610194285883185,0.0],[77.369017287522126,28.609903363254357,0.0],[77.369046458185167,28.609261692070746,0.0],[77.368859395966467,28.608767823431783,0.0],[77.368563468762659,28.608506084446404,0.0],[77.36816129633587,28.608352678196752,0.0],[77.367514337906442,28.608222756216442,0.0],[77.366760320630846,28.608223285638108,0.0],[77.366758732219012,28.608223286040936,0.0],[77.366713885141735,28.608223317787779,0.0],[77.366708835920733,28.608461747931095,0.0],[77.366392083366762,28.608447350066086,0.0],[77.365988262290387,28.608371887553901,0.0],[77.365524909363245,28.608162424435019,0.0],[77.364684108328646,28.607859579307636,0.0],[77.363823933156993,28.607735295864952,0.0],[77.363055533705861,28.60769508711596,0.0],[77.36158976557364,28.607941495536711,0.0],[77.360501013211717,28.608056518654518,0.0],[77.359821075297816,28.608256270708107,0.0],[77.358252222603326,28.608950450843167,0.0],[77.357680058025892,28.609459292321016,0.0],[77.356753651276136,28.610494336827234,0.0],[77.355113640329463,28.610866231327321,0.0],[77.352985747152076,28.609739311786225,0.0],[77.352577342911459,28.609879317899576,0.0],[77.351241523665905,28.610123199389818,0.0],[77.349143560430491,28.61027644163519,0.0],[77.3487027868414,28.610227842713979,0.0],[77.348406507391559,28.609984408577329,0.0],[77.348197497710572,28.610035979350208,0.0],[77.347270777606511,28.610350835967083,0.0],[77.346161696629864,28.610442489671193,0.0],[77.344836243891876,28.610443388989495,0.0],[77.343691078293318,28.61027756391551,0.0],[77.342807670904477,28.610024351637517,0.0],[77.342178374993324,28.609555196778629,0.0],[77.342135593835096,28.610243746708861,0.0],[77.342130831139599,28.61032040179008,0.0],[77.342129662853381,28.610325985571233,0.0],[77.342020836116433,28.610846053799428,0.0],[77.341971527110474,28.61145069023376,0.0],[77.341761259312378,28.612229917028955,0.0],[77.341728789305321,28.612350249126262,0.0],[77.341784574907081,28.613144692805108,0.0],[77.341821537830938,28.613847086620694,0.0],[77.341783795070057,28.614639971122333,0.0],[77.341683600298339,28.615436401528029,0.0],[77.341513500609594,28.616098651872701,0.0],[77.341473892102158,28.616978650713204,0.0],[77.341490069370877,28.61743759581892,0.0],[77.341541835602229,28.617690729724352,0.0],[77.341655467532561,28.618454022766525,0.0],[77.341732138981371,28.61900112197781,0.0],[77.341802044204556,28.619378398947397,0.0],[77.341925483670394,28.619926275897765,0.0],[77.342039412874271,28.620432713418115,0.0],[77.342184618674722,28.620691987214851,0.0],[77.342440421836571,28.621311123577794,0.0],[77.342486111030667,28.62142170843423,0.0],[77.342528799874941,28.621729246414137,0.0],[77.342562688904195,28.621973389747765,0.0],[77.342516642587896,28.62198492673301,0.0],[77.340400502293136,28.622515116556876,0.0],[77.340331071080897,28.622532511384719,0.0],[77.340367481326396,28.62306440917142,0.0],[77.340370677378772,28.623111098204582,0.0],[77.340358250235326,28.623137050096425,0.0],[77.340246580669714,28.62337026310043,0.0],[77.340044175489751,28.623793667381882,0.0],[77.339833627397482,28.624022645658194,0.0],[77.339703554735124,28.624164103611601,0.0],[77.339338932929465,28.624366542907083,0.0],[77.339214294480968,28.624435741317264,0.0],[77.339154492628168,28.624472848244714,0.0],[77.338271259537848,28.625020884720289,0.0],[77.337572945468509,28.625587168687417,0.0],[77.33693894746375,28.62606278820088,0.0],[77.335627214215819,28.626871100980026,0.0],[77.334992416836769,28.627383391205104,0.0],[77.3342351274854,28.628274329320131,0.0],[77.332932729764863,28.629614827783229,0.0],[77.332142799621735,28.630305912293235,0.0],[77.331867818702435,28.630546481842376,0.0],[77.331113361861071,28.6310613422831,0.0],[77.330627972370422,28.631392642662259,0.0],[77.33054520482473,28.631439837120585,0.0],[77.329719648154651,28.631910562485785,0.0],[77.329596400016399,28.631980836462827,0.0],[77.329492151189172,28.63201639619448,0.0],[77.328250471256453,28.632439925137845,0.0],[77.327511970760057,28.632676047266159,0.0],[77.326941797915481,28.63285834618441,0.0],[77.325994725749041,28.633383717422518,0.0],[77.325010118869514,28.634445091192312,0.0],[77.324652189368763,28.634650081623167,0.0],[77.323697569297082,28.63431760876016,0.0],[77.321654537772858,28.636484947171624,0.0],[77.32152393512888,28.63660493033521,0.0],[77.319814707150755,28.638175141498586,0.0],[77.318604747615709,28.639286654567631,0.0],[77.316906586915579,28.640643291722114,0.0],[77.316280400563798,28.641201426889538,0.0],[77.316265156722281,28.641215013948475,0.0],[77.316583674782692,28.642114751801852,0.0],[77.317113705441017,28.643573017624451,0.0],[77.317355864602447,28.644505457633077,0.0],[77.317502528515249,28.645070186195557,0.0],[77.317710918389125,28.645553775361176,0.0],[77.318265036554919,28.646839644533785,0.0],[77.319604883157226,28.650288283619844,0.0],[77.319850806791621,28.651004676136168,0.0],[77.319878844574745,28.651086350003013,0.0],[77.319889806837494,28.65347152388366,0.0],[77.319977535887162,28.655431432228536,0.0],[77.320228394997372,28.657783921287972,0.0],[77.32025011191854,28.657904256602432,0.0],[77.320400255066374,28.658736204361549,0.0],[77.320575095121598,28.661238758376683,0.0],[77.320650943476252,28.662374749156033,0.0],[77.320685155271121,28.66288713936947,0.0],[77.320755377393837,28.663489140110848,0.0],[77.321036063296987,28.66422840023305,0.0],[77.321395066167952,28.665173913412801,0.0],[77.32163636147186,28.666283285763939,0.0],[77.321917286446435,28.666760396395542,0.0],[77.322063232447974,28.666809564964225,0.0],[77.322490344132049,28.666953457573193,0.0],[77.322992392744823,28.667155866996161,0.0],[77.323000726930061,28.667159226323442,0.0],[77.323010924476833,28.667181139498432,0.0],[77.323433129478232,28.668088338405898,0.0],[77.32369079099729,28.668868060450073,0.0],[77.323721169700619,28.668959992562453,0.0],[77.323767653866696,28.669699180375613,0.0],[77.323512369433999,28.670203993489441,0.0],[77.323336567885818,28.671122910891995,0.0],[77.32330421998131,28.671658974472727,0.0],[77.323318099430892,28.671727540185834,0.0],[77.323348410614358,28.671877276396902,0.0],[77.323362815675011,28.671948433927341,0.0],[77.323511031894597,28.672680613445991,0.0],[77.323668708503234,28.673514326201282,0.0],[77.323753806449744,28.67396427563375,0.0],[77.323864517775775,28.674860469062242,0.0],[77.323730293962242,28.675386174779614,0.0],[77.323688450615805,28.675550058047119,0.0],[77.32352936017665,28.676175722854801,0.0],[77.323559370401895,28.67640104935106,0.0],[77.323600986292632,28.676713524196927,0.0],[77.323902638432344,28.677195555547424,0.0],[77.324084031686752,28.677300805871283,0.0],[77.324431689332954,28.677502527391155,0.0],[77.325471401848489,28.677763010129393,0.0],[77.326624040929332,28.677851094903563,0.0],[77.328649971506707,28.677958361717582,0.0],[77.330095299108251,28.678221008141186,0.0],[77.330163529963102,28.678328800387053,0.0],[77.330623439897764,28.679055370505939,0.0],[77.332719743875941,28.681699986598819,0.0],[77.332922188680996,28.681960198381788,0.0],[77.332772635359035,28.68215428878996,0.0],[77.33276169491451,28.682168488704129,0.0],[77.332361441054076,28.682643366686712,0.0],[77.33224537306117,28.682962469647446,0.0],[77.332237406419864,28.683333506473488,0.0],[77.332231395058415,28.683613488745923,0.0],[77.332219779788005,28.684154475329812,0.0],[77.332218622635452,28.68415614466964,0.0],[77.331870916747988,28.684657727376205,0.0],[77.331943639113589,28.684913859168716,0.0],[77.332093337657355,28.685441106951568,0.0],[77.332151180158149,28.685896113052749,0.0],[77.33210333922797,28.685965699367166,0.0],[77.331764638237459,28.686458355588854,0.0],[77.331318736914511,28.687120502596056,0.0],[77.331143580189178,28.68776882584816,0.0],[77.331064842930786,28.688528827764511,0.0],[77.33081815401323,28.689359403436079,0.0],[77.330301964152326,28.690387270136295,0.0],[77.329689368381267,28.691060382824908,0.0],[77.329179296402842,28.691560929449718,0.0],[77.328397893042606,28.692827422851437,0.0],[77.327426882914082,28.693719256609601,0.0],[77.326495017647858,28.694483324119737,0.0],[77.325889277000798,28.695080598756849,0.0],[77.325621361973532,28.695344766990107,0.0],[77.325379054768518,28.695583683467525,0.0],[77.324203869742902,28.697017833513851,0.0],[77.323591271146555,28.697929397623952,0.0],[77.323270470389375,28.698575262238595,0.0],[77.324054388213497,28.699611107072275,0.0],[77.324354453250251,28.69992799080406,0.0],[77.324746238639008,28.700333546398902,0.0],[77.32527581964132,28.701103713090504,0.0],[77.325287904317292,28.701281671620791,0.0],[77.325311364790608,28.701627129426775,0.0],[77.325382452190226,28.701999455553374,0.0],[77.325442251215463,28.702312656943612,0.0],[77.325737490751777,28.702854176306655,0.0],[77.325807813840086,28.703393909921335,0.0],[77.325835701485701,28.703607947120016,0.0],[77.325791673070157,28.704203408332866,0.0],[77.32577368144166,28.704278399429761,0.0],[77.325665843516205,28.704727865198745,0.0],[77.325631669180694,28.704870305827452,0.0],[77.325413045591162,28.705118883945957,0.0],[77.324923304256444,28.705638092620461,0.0],[77.324642126360686,28.706150778219317,0.0],[77.324452251417938,28.706496984338184,0.0],[77.324455706173438,28.707061133964547,0.0],[77.325425807051317,28.708875125478084,0.0],[77.325997591197492,28.709861530742561,0.0],[77.326320641313615,28.710253547354501,0.0],[77.326386010785811,28.710332872231866,0.0],[77.326484268443849,28.710452105942114,0.0],[77.326507678197714,28.710449645980042,0.0],[77.327108917279972,28.710386476205372,0.0],[77.327162056815581,28.710380893180549,0.0],[77.327340015493249,28.710518936054061,0.0],[77.328430976660556,28.711365185957074,0.0],[77.328795313119087,28.711597521109415,0.0],[77.329621632372024,28.712124453618625,0.0],[77.32982679051814,28.712255278959663,0.0],[77.330491037007306,28.712626056829397,0.0],[77.330716077711728,28.712751671245297,0.0],[77.330753322090501,28.712787698639069,0.0],[77.330859118416598,28.712890036157123,0.0],[77.331077904285962,28.713101667950927,0.0],[77.330459251663655,28.713132491393015,0.0],[77.329630175332497,28.713173794752308,0.0],[77.328482775733505,28.713310546441672,0.0],[77.327179888667615,28.713484844803386,0.0],[77.327141978030525,28.713489916678391,0.0],[77.326825355257697,28.713216366569711,0.0],[77.326352474713602,28.712807811978294,0.0],[77.326238017173949,28.71270892378725,0.0],[77.325243196860441,28.713039554802965,0.0],[77.324500863235372,28.713286265785875,0.0],[77.324451321829017,28.713302730342203,0.0],[77.324267977010734,28.713066420036416,0.0],[77.324029304622073,28.712758797907785,0.0],[77.323950227901662,28.712656877523557,0.0],[77.323145260757002,28.713028960143859,0.0],[77.323118846787338,28.713041169696538,0.0],[77.323088505674463,28.713055193743298,0.0],[77.323069401415424,28.713037438436334,0.0],[77.322199533445797,28.712228965482335,0.0],[77.322063426008825,28.712102462776894,0.0],[77.320360573495705,28.712908588269165,0.0],[77.320154081244652,28.713004990703492,0.0],[77.320029372145768,28.71304461594114,0.0],[77.31974102888249,28.713165942499064,0.0],[77.319367745797933,28.713333381873344,0.0],[77.31881451102295,28.713572381493016,0.0],[77.318394181516041,28.713731785029186,0.0],[77.317963594136344,28.713899392164681,0.0],[77.317759093793143,28.713974648270646,0.0],[77.317734371427207,28.713983745706585,0.0],[77.316726357271605,28.712988821964299,0.0],[77.316656448594614,28.712919821118348,0.0],[77.316188728208331,28.71289821019495,0.0],[77.315586070371992,28.712984714114217,0.0],[77.315416424603626,28.713009064174773,0.0],[77.314854109599921,28.713031720819025,0.0],[77.314479397693447,28.713039183173056,0.0],[77.314102145119236,28.71300887605889,0.0],[77.313757561189206,28.712981191947684,0.0],[77.313357901530168,28.712993881414434,0.0],[77.313351755746154,28.712994076182802,0.0],[77.313096441438901,28.713002182394643,0.0],[77.312496038291769,28.713102153443128,0.0],[77.311417413932347,28.713184906787713,0.0],[77.310787891977554,28.713188074139218,0.0],[77.310356191817448,28.713191094311931,0.0],[77.310238222490312,28.713187421945886,0.0],[77.309849282743443,28.713188024533018,0.0],[77.309561730452899,28.713183014739343,0.0],[77.309285295960947,28.713139111917922,0.0],[77.309060036449367,28.713109670815196,0.0],[77.308740030064484,28.713062195452537,0.0],[77.308638086935048,28.71300971995608,0.0],[77.308533166295632,28.712982205741685,0.0],[77.308407080117291,28.712949141692395,0.0],[77.308258575627633,28.712910198470652,0.0],[77.30822551965025,28.712861758506438,0.0],[77.308197685762778,28.712777881878434,0.0],[77.308038198776913,28.712840418365243,0.0],[77.307740560298939,28.712944557184176,0.0],[77.307451096051864,28.713066779375588,0.0],[77.307292553459959,28.713121088932109,0.0],[77.307167549374157,28.713067108572869,0.0],[77.307105927334945,28.712926431677236,0.0],[77.307050597312838,28.712890478201587,0.0],[77.306953440182781,28.712902331268829,0.0],[77.306739708826044,28.713006388116387,0.0],[77.306484044523231,28.713134797070911,0.0],[77.306229369231829,28.713256965039278,0.0],[77.306091093231402,28.713190399746356,0.0],[77.305932223686213,28.713020075855379,0.0],[77.305744594565994,28.712830847367044,0.0],[77.305731192167841,28.712770360416645,0.0],[77.305633894271182,28.71275244395153,0.0],[77.305537696160101,28.712770684219702,0.0],[77.305143831368952,28.712868609632977,0.0],[77.304784728015107,28.712899813346777,0.0],[77.304639890211135,28.712631997327101,0.0],[77.30454551519928,28.712534019029871,0.0],[77.304487113550422,28.712473386512311,0.0],[77.304252304044368,28.71221838099946,0.0],[77.304155027765887,28.712145431042916,0.0],[77.304112943402046,28.712100702973604,0.0],[77.30388534991549,28.711858811763406,0.0],[77.303497984568693,28.711566980161908,0.0],[77.303290904476768,28.711372395512292,0.0],[77.302986734825836,28.711239277356579,0.0],[77.302693845990845,28.711153961742614,0.0],[77.302247571527928,28.711001099722949,0.0],[77.30180270871557,28.710804475929883,0.0],[77.301767072513485,28.710785246426884,0.0],[77.300905587915366,28.710364983547827,0.0],[77.300480552721055,28.710188719094877,0.0],[77.300315656025305,28.710125757341103,0.0],[77.299937796357696,28.709996322670364,0.0],[77.299766870780559,28.709975774318298,0.0],[77.299506861986316,28.709929136100737,0.0],[77.299274958191717,28.709924472055139,0.0],[77.299034973261328,28.709854620957071,0.0],[77.299034956963681,28.709841353100796,0.0],[77.299034519212569,28.70959687637276,0.0],[77.29905276750975,28.709476849220806,0.0],[77.299070117261209,28.709456074846685,0.0],[77.299170393544799,28.709455903189131,0.0],[77.299234737421045,28.709398965525484,0.0],[77.299240812887319,28.709325877703272,0.0],[77.299240419819412,28.709102149066169,0.0],[77.299216669476536,28.708961365181654,0.0],[77.299186679598208,28.708769264596622,0.0],[77.299133142520503,28.708618612337926,0.0],[77.299104444150657,28.708550987579862,0.0],[77.298980260613448,28.708379704256359,0.0],[77.298905021275374,28.708271646737543,0.0],[77.298831513257454,28.708166076584035,0.0],[77.298713539043888,28.707983952683957,0.0],[77.298710569958715,28.707940368366366,0.0],[77.298707209614705,28.707891047542653,0.0],[77.298705096761637,28.707794462228016,0.0],[77.298680281394766,28.70768446029096,0.0],[77.298539533055049,28.707349897516458,0.0],[77.298314813122829,28.706998266851155,0.0],[77.298239825953473,28.706830567773334,0.0],[77.298209029399331,28.706751160278309,0.0],[77.298074664405164,28.706549285636374,0.0],[77.297938988023603,28.706245308837165,0.0],[77.297834291184543,28.706024436208263,0.0],[77.297743920236911,28.705826955555569,0.0],[77.297573505496615,28.705492444071925,0.0],[77.297402949232932,28.705104617850022,0.0],[77.297322777484752,28.704924285187744,0.0],[77.297318674963876,28.704911778198483,0.0],[77.297182844038588,28.704959813505425,0.0],[77.297109809102366,28.704985641800572,0.0],[77.296831589623295,28.704522901365507,0.0],[77.296781724826459,28.704439964063479,0.0],[77.295710182562573,28.70491714001767,0.0],[77.295251607320651,28.70519372146973,0.0],[77.294473341208359,28.705579542176714,0.0],[77.293887261075383,28.705739307294678,0.0],[77.293340075141373,28.705785074890525,0.0],[77.292793487311897,28.705803333961494,0.0],[77.292228803157045,28.705935937789064,0.0],[77.291516620652871,28.706153176926591,0.0],[77.291040632012496,28.706512001116529,0.0],[77.290331144749786,28.707082413086347,0.0],[77.289451652569269,28.707576559872422,0.0],[77.288888051142024,28.708135680916104,0.0],[77.288745940906963,28.70892667020631,0.0],[77.288472931858578,28.709518233780724,0.0],[77.288177326320209,28.709715007947693,0.0],[77.287364206033402,28.710265301195971,0.0],[77.287406265228697,28.710606792719997,0.0],[77.287501182912408,28.711377463899868,0.0],[77.287460517105359,28.711443940617801,0.0],[77.287371482889398,28.711589485069169,0.0],[77.287214577111982,28.711845978733205,0.0],[77.286934744938534,28.712303414934578,0.0],[77.28709638699813,28.713256280155921,0.0],[77.287092701214235,28.713261499830104,0.0],[77.286910092917211,28.713658744110081,0.0],[77.286859895676798,28.713796900431166,0.0],[77.286240952228979,28.714534234434396,0.0],[77.289088663664458,28.716820563629106,0.0],[77.288831014668389,28.719567825610248,0.0],[77.290767294310228,28.722384378139505,0.0],[77.289208516646454,28.723009165348188,0.0],[77.287447288038052,28.724089102932016,0.0],[77.286338585188474,28.72455230827449,0.0],[77.28627642749943,28.724578276290718,0.0],[77.286240288577631,28.724685680292286,0.0],[77.285725596191966,28.726215299489319,0.0],[77.285167094169765,28.726774478044575,0.0],[77.282429124589484,28.729452029444559,0.0],[77.2780190013724,28.734068972829878,0.0],[77.277519473246528,28.734591896357308,0.0],[77.27643925203229,28.735449410409444,0.0],[77.275583476854791,28.735708147726346,0.0],[77.274468586033919,28.736045217834914,0.0],[77.273940813352667,28.73620477830686,0.0],[77.272909175596055,28.736269730235957,0.0],[77.272786584106541,28.736131986142137,0.0],[77.272469573316528,28.735775790493665,0.0],[77.272346508539684,28.735637513229594,0.0],[77.272345541733571,28.73563642729318,0.0],[77.272340946476319,28.735634481484816,0.0],[77.27200342677952,28.735491569030522,0.0],[77.271927976865911,28.735459622518221,0.0],[77.271732720055283,28.735438168913408,0.0],[77.270729380951877,28.735327925885155,0.0],[77.269642119545026,28.735208454193586,0.0],[77.269457289127885,28.73518814444326,0.0],[77.267631109577778,28.734852291041076,0.0],[77.266570873881776,28.734657292411171,0.0],[77.265490489330332,28.734524606905552,0.0],[77.265094331848132,28.734475951804605,0.0],[77.26340631195302,28.734268622111625,0.0],[77.261755503442828,28.734065843923098,0.0],[77.260821988825555,28.734164499565523,0.0],[77.259730182493101,28.735306033572179,0.0],[77.257765453170677,28.736863665079294,0.0],[77.255869577988335,28.738646490741086,0.0],[77.255629407148632,28.738872335158863,0.0],[77.255558527632061,28.739013692284686,0.0],[77.255193955209549,28.739740770085099,0.0],[77.254557895857445,28.743563661895742,0.0],[77.254627405730048,28.743692393536225,0.0],[77.254637015232518,28.743710190352331,0.0],[77.254643805489678,28.743722764962794,0.0],[77.254712856638349,28.743850647602095,0.0],[77.254870573512989,28.743853356219834,0.0],[77.255319770566402,28.743861068008453,0.0],[77.256195270174615,28.743876095727657,0.0],[77.256207261509431,28.74390069748684,0.0],[77.258067351397884,28.74771678766777,0.0],[77.258495140333949,28.748594384264923,0.0],[77.258816876607668,28.749254406589053,0.0],[77.259182081040109,28.750003591181382,0.0],[77.259132932405151,28.750282902945784,0.0],[77.259111890121972,28.751236212967683,0.0],[77.259111888676614,28.751236466997131,0.0],[77.259121403038904,28.752244105675697,0.0],[77.259121401532838,28.752244362455151,0.0],[77.25912120823979,28.752245952251108,0.0],[77.259120704952409,28.752247488122528,0.0],[77.259120227508447,28.752248419110217,0.0],[77.258858290393846,28.752688466877355,0.0],[77.258857983182153,28.752688946787885,0.0],[77.258856914953782,28.752690238177102,0.0],[77.258855607248407,28.752691345696405,0.0],[77.258854490837194,28.752692038270357,0.0],[77.258739626127749,28.752753720540198,0.0],[77.258705986537592,28.752771784992632,0.0],[77.257439577721698,28.753451836535731,0.0],[77.257439390186846,28.753451939709027,0.0],[77.257226960292613,28.753571544070407,0.0],[77.256377601211597,28.754049755606403,0.0],[77.256376672331243,28.754050344072756,0.0],[77.256375365609543,28.754051452504008,0.0],[77.256374535762603,28.754052410450935,0.0],[77.256148263005812,28.754352678949832,0.0],[77.256148023545251,28.754353012354365,0.0],[77.256147224772633,28.754354447755766,0.0],[77.256146721439919,28.754355983612502,0.0],[77.256146528125754,28.754357572482629,0.0],[77.256146585742925,28.754358732760576,0.0],[77.256360922122553,28.756115246532172,0.0],[77.256370510328878,28.756193822449124,0.0],[77.256370568847501,28.756194989159059,0.0],[77.256370375553601,28.756196577107882,0.0],[77.256369873276839,28.756198112061821,0.0],[77.256369074535513,28.756199545626401,0.0],[77.25636800627133,28.756200836074836,0.0],[77.256366700587506,28.756201943603219,0.0],[77.256365195708156,28.756202834015532,0.0],[77.256363538018363,28.756203480593239,0.0],[77.256361778942946,28.756203864041378,0.0],[77.25635996974485,28.756203972399568,0.0],[77.256359805403633,28.756203967744863,0.0],[77.256358354409201,28.756203832784017,0.0],[77.255985296246195,28.756145779320402,0.0],[77.254583515225235,28.755927631961814,0.0],[77.254583309897455,28.755927598169503,0.0],[77.252078172699257,28.755491844133015,0.0],[77.250738589321969,28.755260925707109,0.0],[77.250271922075314,28.755180478897312,0.0],[77.250269300650231,28.755180324666057,0.0],[77.250269142248243,28.755180333864573,0.0],[77.249954700771198,28.755201225494531,0.0],[77.249349072540511,28.755241461733728,0.0],[77.248903497372609,28.755271062331133,0.0],[77.248800172867718,28.755277926585361,0.0],[77.248782544217704,28.755279097994901,0.0],[77.248506501977019,28.755370932225112,0.0],[77.247930957856056,28.755562403948783,0.0],[77.245569294762191,28.756478906974458,0.0],[77.244923426380737,28.756729543476848,0.0],[77.243212843701087,28.757545200962703,0.0],[77.2425933417057,28.757840591162733,0.0],[77.240265321088913,28.758856833916717,0.0],[77.240060276298053,28.758938854646967,0.0],[77.239430719622945,28.759190681799414,0.0],[77.238869634900752,28.759415116915836,0.0],[77.238472940918058,28.759634968082867,0.0],[77.237578084077057,28.760130900132538,0.0],[77.237578019795336,28.760130935707899,0.0],[77.237016301225864,28.760278190357251,0.0],[77.236681337552852,28.760366000122822,0.0],[77.236355046116287,28.760526249049885,0.0],[77.235671816733216,28.760861792753929,0.0],[77.235562472670452,28.760915492491936,0.0],[77.235496486044795,28.761808230006999,0.0],[77.235710007628867,28.762474779366048,0.0],[77.235740796432594,28.762570893358369,0.0],[77.236148693303576,28.763580167764214,0.0],[77.235968821306159,28.76544606697145,0.0],[77.236082389036412,28.766558597523431,0.0],[77.236184204789367,28.768199117347088,0.0],[77.236172859717826,28.768330124653733,0.0],[77.236079797964081,28.769404731090315,0.0],[77.236060066587555,28.769632576018438,0.0],[77.235881849741475,28.770733283594033,0.0],[77.235649580268415,28.770736824300879,0.0],[77.235297754979342,28.770742186088778,0.0],[77.234436512094589,28.770755310211754,0.0],[77.233982031585739,28.770762233681708,0.0],[77.233175606833669,28.770774515510002,0.0],[77.231791829764944,28.770791198400822,0.0],[77.231865796764083,28.771048992257111,0.0],[77.231958720673958,28.771372858188577,0.0],[77.232100783884519,28.771867982120522,0.0],[77.232119875967228,28.771934521588793,0.0],[77.232131603066705,28.772187054313921,0.0],[77.232161416937743,28.772829102716866,0.0],[77.232107143157165,28.77298714845028,0.0],[77.232016913285904,28.773249897183494,0.0],[77.231865518820598,28.773690756222486,0.0],[77.231449709942439,28.774414898023931,0.0],[77.230163180863499,28.774893723997195,0.0],[77.228519300531502,28.775542409330278,0.0],[77.227781740835809,28.775529626250208,0.0],[77.226725676764758,28.776012418759905,0.0],[77.225353811565753,28.776868937334594,0.0],[77.224026585737036,28.777103227357504,0.0],[77.221868074082693,28.77739078448176,0.0],[77.222454315744855,28.777715899956384,0.0],[77.222538099464387,28.777762364303381,0.0],[77.222688056899699,28.777845526804679,0.0],[77.22320423602423,28.778131782439281,0.0],[77.229377323924425,28.781177721110041,0.0],[77.232355961875612,28.782719041449095,0.0],[77.233223812491474,28.783203091909815,0.0],[77.23393234964054,28.783598276913303,0.0],[77.234147667756588,28.783718368914553,0.0],[77.233202547808489,28.784157147822757,0.0],[77.232849484263781,28.784321057531404,0.0],[77.232811783693705,28.784338560393461,0.0],[77.231712226822609,28.784902796294105,0.0],[77.228535254850584,28.786532979817729,0.0],[77.226927599418403,28.786241023335869,0.0],[77.224290203694821,28.785937956369338,0.0],[77.221698921907503,28.785635646726135,0.0],[77.21734075021908,28.785289020751478,0.0],[77.216027109818668,28.785199452472529,0.0],[77.215207167319591,28.785143541136961,0.0],[77.214298084666396,28.785236054630843,0.0],[77.21333864517689,28.785517289532965,0.0],[77.211852102294117,28.786331590416506,0.0],[77.211122966960616,28.786592098831793,0.0],[77.210160485711725,28.786947265258291,0.0],[77.209497992369052,28.787154337411774,0.0],[77.209225622357977,28.787267329170387,0.0],[77.208650275162526,28.78758619440061,0.0],[77.208240773994788,28.787829988875586,0.0],[77.207924459195397,28.788025073415586,0.0],[77.207806473711798,28.788131366834616,0.0],[77.207806434382718,28.788131402832509,0.0],[77.207795752079107,28.788141026691495,0.0],[77.207791766277353,28.788144617302521,0.0],[77.207677837563281,28.788247256123348,0.0],[77.207640030262525,28.788309493511889,0.0],[77.20746806378861,28.788478307444727,0.0],[77.207317593095595,28.788602923880905,0.0],[77.207092338117391,28.788731199334279,0.0],[77.206630616530219,28.78898053472134,0.0],[77.206179224948173,28.789273094808994,0.0],[77.205545655038321,28.789775139466219,0.0],[77.205025600609716,28.790182402639836,0.0],[77.204705290945853,28.790455944554648,0.0],[77.204559853564049,28.790542674891931,0.0],[77.204516853066366,28.790548068787363,0.0],[77.204452291563555,28.790550837923679,0.0],[77.204358100474451,28.790561759437182,0.0],[77.204276238496533,28.790584297966408,0.0],[77.204205560263958,28.790632185593097,0.0],[77.204033656198803,28.790819038752517,0.0],[77.203848473268451,28.791134036691105,0.0],[77.203792601359936,28.791228108221464,0.0],[77.203760547294152,28.79128207731797,0.0],[77.203675603346582,28.79139668813924,0.0],[77.203571218202924,28.791502324348247,0.0],[77.203352063666259,28.791638704380826,0.0],[77.203017447949421,28.791987176869938,0.0],[77.202625475870448,28.792461988568139,0.0],[77.20230527756847,28.792882669527771,0.0],[77.20201466254575,28.793322264363947,0.0],[77.201571607219023,28.793852126956914,0.0],[77.201228796688326,28.794327757541868,0.0],[77.200996524968687,28.794707755449377,0.0],[77.20044500135144,28.795495785319122,0.0],[77.200168800613639,28.795856831713603,0.0],[77.199921086416552,28.796218765971563,0.0],[77.199661323441404,28.796679956773577,0.0],[77.19947418999665,28.797142038077485,0.0],[77.199421646545744,28.797293278088166,0.0],[77.1994068886018,28.797335757533311,0.0],[77.199397984157628,28.797361388680347,0.0],[77.199282003439876,28.797695230604607,0.0],[77.199252663831473,28.797838520150314,0.0],[77.199249307946388,28.797854908676964,0.0],[77.199191334793923,28.798366578550361,0.0],[77.199160996801581,28.798887181192455,0.0],[77.199129513122742,28.799226462905658,0.0],[77.199142121915983,28.799763325983943,0.0],[77.199150786307484,28.799856002864832,0.0],[77.199171051553606,28.800072754418871,0.0],[77.199225444739,28.800297412815262,0.0],[77.199338354587198,28.80062125916222,0.0],[77.199346062430664,28.800642936749149,0.0],[77.199512842261157,28.801111998223593,0.0],[77.199670961518279,28.801520634136246,0.0],[77.199818631728064,28.801870618170341,0.0],[77.199899764723568,28.802090690608654,0.0],[77.200009735247008,28.802557128860929,0.0],[77.200028847956702,28.80326473068601,0.0],[77.200032814570903,28.803411568944707,0.0],[77.200043680207884,28.803520566725783,0.0],[77.200117438813407,28.804260494092155,0.0],[77.200153483404605,28.804508637052855,0.0],[77.200155819728508,28.804554463730661,0.0],[77.200181542568117,28.805058960882555,0.0],[77.200163276549333,28.805324436805392,0.0],[77.200154162030003,28.80545690771519,0.0],[77.20012151890306,28.805560649739036,0.0],[77.200106270225774,28.805712284932135,0.0],[77.200121755210276,28.805956793385519,0.0],[77.200168110787445,28.806359132000658,0.0],[77.200180607146933,28.806602787251645,0.0],[77.200194054257423,28.806779575833822,0.0],[77.200220874660261,28.807080917003233,0.0],[77.200238880684992,28.807849641799276,0.0],[77.200239532503232,28.807911891262449,0.0],[77.200244259825283,28.808363647017526,0.0],[77.200246594889393,28.808586778057375,0.0],[77.200295360951898,28.809386216015053,0.0],[77.200342148283951,28.809660315819009,0.0],[77.200552944881792,28.810895235426113,0.0],[77.200574092216442,28.811019125418962,0.0],[77.200851450428985,28.811996983668308,0.0],[77.200864070572379,28.812232003525928,0.0],[77.200864921148678,28.812247840784185,0.0],[77.201019576860432,28.8124933549066,0.0],[77.201254094854789,28.812865647319658,0.0],[77.201301834193742,28.812941432692877,0.0],[77.201621929403416,28.812812269290003,0.0],[77.201721082687087,28.812772259440226,0.0],[77.205596437517343,28.811208414261401,0.0],[77.207684207197204,28.810676080258233,0.0],[77.211566683214485,28.809629146478663,0.0],[77.211917275252858,28.809534601889201,0.0],[77.213438982645087,28.809124229054493,0.0],[77.215602621508694,28.808633740542245,0.0],[77.215618896916709,28.808631980606371,0.0],[77.216894811510201,28.808494031092479,0.0],[77.217760475876076,28.808400431787707,0.0],[77.218963421059726,28.808238522535156,0.0],[77.21899472407712,28.808690701696378,0.0],[77.219008091167083,28.808883785532366,0.0],[77.219009884592367,28.808909689438355,0.0],[77.219016514076387,28.808999167022435,0.0],[77.219037606773853,28.809283836469131,0.0],[77.219072184885192,28.809750515798715,0.0],[77.219104329208378,28.810184331976984,0.0],[77.219432112299742,28.812025043841199,0.0],[77.219541265953183,28.813259504993958,0.0],[77.219581739210156,28.81371723206302,0.0],[77.219638855033239,28.814363169371916,0.0],[77.219726543305697,28.815354839108313,0.0],[77.219921691910585,28.816233285188016,0.0],[77.220005764584116,28.816611728464114,0.0],[77.220005906462802,28.816612367376802,0.0],[77.220005916495282,28.816612430829025,0.0],[77.220007741025483,28.816624552278402,0.0],[77.220142456209118,28.817531581899225,0.0],[77.220166248135357,28.817691773537298,0.0],[77.220177775632507,28.817876502761294,0.0],[77.22017880551185,28.817893000380575,0.0],[77.220256769413851,28.819142380590165,0.0],[77.220322811588588,28.81919561209547,0.0],[77.221788676364454,28.820377126665878,0.0],[77.221888068406116,28.820457237088789,0.0],[77.222319293437437,28.821114755133493,0.0],[77.222599226324419,28.822065337465972,0.0],[77.222647991498192,28.822230929700329,0.0],[77.22272444122757,28.822289101058786,0.0],[77.223179327456691,28.823101995779655,0.0],[77.223682886972313,28.823644738086141,0.0],[77.223889095210097,28.823977989409261,0.0],[77.223889118331542,28.823978026492849,0.0],[77.224133663821362,28.824491182538743,0.0],[77.224258546163398,28.82489052169602,0.0],[77.224267067174623,28.824917771345969,0.0],[77.224393407230238,28.825321765615989,0.0],[77.224283307956711,28.826118844212015,0.0],[77.224238389051564,28.826199743289177,0.0],[77.223754525308408,28.827071165728942,0.0],[77.222871182626861,28.828748605468913,0.0],[77.222564480061166,28.830083952526603,0.0],[77.222696087028226,28.831074809816872,0.0],[77.223015198654252,28.831933498913827,0.0],[77.223058208170414,28.832760310758122,0.0],[77.22299815206415,28.833382201600962,0.0],[77.224278724272153,28.832510646372469,0.0],[77.227016418798229,28.831122654938028,0.0],[77.226024215643903,28.830103342621285,0.0],[77.227604424229014,28.828207748427396,0.0],[77.22905374867841,28.826661964099962,0.0],[77.22891453838578,28.826009528801873,0.0],[77.228756074346137,28.824842155569581,0.0],[77.228649425660308,28.824109028923083,0.0],[77.229297655896701,28.823314491369224,0.0],[77.230681601801479,28.822627483989752,0.0],[77.233484073935728,28.82245928900279,0.0],[77.236029132663703,28.822801204605192,0.0],[77.238084119198419,28.823053367464226,0.0],[77.240076422598477,28.823358591007512,0.0],[77.240867326070884,28.823751413656115,0.0],[77.242473216139942,28.823454085638485,0.0],[77.244937510735284,28.823279862272223,0.0],[77.247059416328113,28.823289300653435,0.0],[77.247491327749188,28.823229020125108,0.0],[77.24861703707667,28.822740548587475,0.0],[77.248799797350571,28.822701378814273,0.0],[77.249026488132998,28.822652794135241,0.0],[77.2507278175339,28.823639430565237,0.0],[77.250615628337073,28.825264425472863,0.0],[77.251561993953572,28.825532269926288,0.0],[77.251548624246766,28.826135845065732,0.0],[77.252375568103105,28.826636445261869,0.0],[77.252235612235253,28.826935944715704,0.0],[77.253061450481539,28.827486838274258,0.0],[77.253403523668212,28.828381643111438,0.0],[77.255003061830394,28.830119861712987,0.0],[77.256447361864574,28.831989575435063,0.0],[77.257914593082177,28.834547318197252,0.0],[77.258372668587114,28.83450485073411,0.0],[77.25890897871335,28.833507711625511,0.0],[77.259568187710968,28.83298229396085,0.0],[77.260455130807742,28.832494318426743,0.0],[77.261467944219518,28.832343932455878,0.0],[77.261825261332007,28.832551312387903,0.0],[77.26315453211491,28.83359715344633,0.0],[77.265117134128431,28.833563620815699,0.0],[77.266633688796958,28.833891431104739,0.0],[77.267747904224635,28.833893688111203,0.0],[77.268768393814128,28.833827248652437,0.0],[77.27133917480711,28.833854336221719,0.0],[77.272761285004108,28.834146932806927,0.0],[77.273811324615735,28.834902796722684,0.0],[77.274896619654157,28.834921282655991,0.0],[77.27630633571718,28.834911740330455,0.0],[77.277884470979075,28.835039226354596,0.0],[77.279970522654537,28.834588309128758,0.0],[77.281347298064787,28.834343353567785,0.0],[77.282829548266847,28.833630558554145,0.0],[77.284740201139584,28.832488945211189,0.0],[77.287265955381329,28.831089383320617,0.0],[77.289409398767575,28.829750391140031,0.0],[77.290891548818763,28.829037516070642,0.0],[77.292630703457064,28.827892898046571,0.0],[77.293173677351533,28.827449234796507,0.0],[77.292826564711518,28.826772473734692,0.0],[77.292626265514741,28.82547762060339,0.0],[77.292537639617208,28.824302060671595,0.0],[77.292693574708935,28.822392652692141,0.0],[77.292698695814394,28.822157927086685,0.0],[77.293179774369719,28.82193125298026,0.0],[77.293157789874442,28.821192896632429,0.0],[77.292878033121568,28.819175473432864,0.0],[77.292497244633068,28.817424691313157,0.0],[77.292531630795935,28.815848657012946,0.0],[77.292145368582339,28.814349361937833,0.0],[77.291647832114634,28.813586173557688,0.0],[77.292711695742184,28.812832638744904,0.0],[77.294484659619556,28.811873045934313,0.0],[77.297643933010917,28.810215631271937,0.0],[77.299766043593195,28.808959965476401,0.0],[77.298256894639735,28.806552755767349,0.0],[77.298644181976186,28.806257385763185,0.0],[77.298289014279746,28.805077291605844,0.0],[77.298163063518444,28.804739706913352,0.0],[77.297404822178152,28.802831566343841,0.0],[77.296454792141972,28.80098726510813,0.0],[77.29716379023948,28.799909003925688,0.0],[77.298585821712209,28.798440230433098,0.0],[77.299248691530096,28.797730182387923,0.0],[77.298538148014273,28.7971311282387,0.0],[77.299693352235792,28.796546803938433,0.0],[77.300892083669765,28.795711609741119,0.0],[77.300576888093858,28.795320509631996,0.0],[77.301815491917807,28.794402113785647,0.0],[77.302591796317458,28.793727508046093,0.0],[77.302416032092168,28.793053618737151,0.0],[77.303315270366738,28.791978526807569,0.0],[77.304620388420446,28.790625123457204,0.0],[77.306798812526864,28.792020446044589,0.0],[77.309410341863639,28.793641070374388,0.0],[77.311198234695524,28.794610428157746,0.0],[77.312597688481461,28.795053272370701,0.0],[77.313742284903469,28.79495508766642,0.0],[77.314294639408658,28.79494758903008,0.0],[77.315599299310392,28.795372041901256,0.0],[77.317599351302547,28.795338502373596,0.0],[77.319658314541485,28.795222060067697,0.0],[77.320109555759814,28.796370185676757,0.0],[77.320945116562882,28.797357016386151,0.0],[77.322097046220335,28.798684596189247,0.0],[77.323295258408976,28.800516125411434,0.0],[77.32419363744701,28.802124578901577,0.0],[77.325771879229052,28.801345873138903,0.0],[77.326288719655111,28.801220329695763,0.0],[77.327310946340191,28.800616815822188,0.0],[77.328566771031021,28.800218469808495,0.0],[77.329169984099181,28.800060813696053,0.0],[77.330932387857771,28.799570269906955,0.0],[77.333192566168663,28.7989538226234,0.0],[77.335127692244171,28.798399020232463,0.0],[77.337020085270126,28.797172564766651,0.0],[77.338371206863229,28.796322857589988,0.0],[77.339063638587277,28.795998918885637,0.0],[77.34002183088154,28.795712940857989,0.0],[77.340656791715389,28.795404811786703,0.0],[77.341352444254525,28.794929959206531,0.0],[77.34249379304849,28.795871439585671,0.0],[77.343014901670784,28.795544636822221,0.0],[77.343571579513537,28.796224802439426,0.0],[77.343780617650779,28.797134011308888,0.0],[77.344609913677687,28.798422522592031,0.0],[77.345449297799448,28.800130514094207,0.0],[77.346826035511668,28.802535094326416,0.0],[77.347542978770505,28.803737850454525,0.0],[77.348237364248959,28.805996906436235,0.0],[77.35042536883094,28.805194525891178,0.0],[77.352960638409471,28.804179814711816,0.0],[77.35507734194276,28.802252415436904,0.0],[77.357198264864678,28.800123776281492,0.0],[77.358757471006086,28.798438698183574,0.0],[77.359486374562394,28.797293402393734,0.0],[77.357695808296882,28.795536223867728,0.0],[77.358442310783573,28.794458311417781,0.0],[77.357940877788607,28.79386297438899,0.0],[77.358360221912903,28.79294738442028,0.0],[77.358133714405284,28.791065063419769,0.0],[77.359405637073479,28.790348049600997,0.0],[77.360389545861608,28.789743685964915,0.0],[77.360886557780375,28.789651247881565,0.0],[77.361835951091223,28.788878573309614,0.0],[77.361059717558774,28.787775513893394,0.0],[77.36250965641436,28.786742720443723,0.0],[77.363398356572603,28.786136765145091,0.0],[77.363875963091786,28.78606077128256,0.0],[77.366062979002095,28.786180667834838,0.0],[77.367768485667668,28.786560981393468,0.0],[77.369112528930231,28.786029579318026,0.0],[77.370490511646963,28.784794249639763,0.0],[77.371899787372584,28.783878111069384,0.0],[77.373532821010002,28.78318368720273,0.0],[77.374934965245345,28.782602868080282,0.0],[77.376487582048114,28.782108372323727,0.0],[77.378829365653218,28.781207463610357,0.0],[77.379544452558548,28.781604967731131,0.0],[77.380218015744276,28.781263762250759,0.0],[77.381753685264442,28.780668296996755,0.0],[77.382340502296188,28.780828863240384,0.0],[77.384744217720069,28.780599813495204,0.0],[77.386270679722244,28.780440260177244,0.0],[77.387765775327992,28.779961487070253,0.0],[77.38886224540245,28.779425872188295,0.0],[77.389565020956852,28.779504437343821,0.0],[77.391221863784992,28.778575392304333,0.0],[77.391993356250708,28.778101548446784,0.0],[77.392761672874528,28.777778607435724,0.0],[77.393931060787068,28.777395105102642,0.0],[77.395127213448362,28.77664301688424,0.0],[77.396406989730593,28.778257325734156,0.0],[77.397360390157289,28.779094736114786,0.0],[77.398490013328981,28.77970018034976,0.0],[77.400145104269271,28.779760639837772,0.0],[77.401325448182533,28.779763049808377,0.0],[77.402269684852669,28.780130628414746,0.0],[77.403455386656589,28.780787266540543,0.0],[77.404765913193444,28.781848477333565,0.0],[77.405991110649097,28.782438642223777,0.0],[77.40573689993181,28.784581485723734,0.0],[77.405678968711385,28.786442363434336,0.0],[77.405157819879989,28.787691889278815,0.0],[77.404878031637026,28.788324726122507,0.0],[77.404846832805845,28.789817020450858,0.0],[77.404495562717386,28.791136386414166,0.0],[77.403540549348818,28.793100094443648,0.0],[77.402899881865309,28.794599254456163,0.0],[77.40227937111537,28.796954149587766,0.0],[77.402738047425544,28.797783464864892,0.0],[77.401039102383919,28.798896420365033,0.0],[77.398607651530909,28.800433535667228,0.0],[77.397040475634867,28.801615678391922,0.0],[77.394936047629457,28.80299032807066,0.0],[77.39429273480053,28.803701074700918,0.0],[77.396673747076036,28.806389911021363,0.0],[77.397899200393269,28.807885831368488,0.0],[77.398423841697095,28.809202620143459,0.0],[77.399050003562664,28.810219149545709,0.0],[77.39983549812122,28.810902815607427,0.0],[77.401743832927082,28.811621489227839,0.0],[77.403595078724337,28.812339212217207,0.0],[77.404891460646823,28.813182091962471,0.0],[77.405490488235941,28.813678207431568,0.0],[77.403439296516055,28.816144004377133,0.0],[77.401396099118884,28.818224136566812,0.0],[77.400049454753642,28.81977884699981,0.0],[77.402163221200198,28.821607802962333,0.0],[77.399227070130721,28.821761369134222,0.0],[77.39621862574576,28.821729210900926,0.0],[77.394332103673932,28.823593750462084,0.0],[77.392572808284342,28.825745460442903,0.0],[77.390077256502664,28.828488927842219,0.0],[77.392838011846749,28.829439619558492,0.0],[77.397077237646812,28.830732984443159,0.0],[77.400428339300376,28.831693141843207,0.0],[77.402223458816309,28.832376397398075,0.0],[77.402716837240362,28.833373943816547,0.0],[77.402936727139476,28.835608159189725,0.0],[77.407240169865332,28.837489289420695,0.0],[77.408272107579691,28.836415844194665,0.0],[77.412313471668995,28.837168886490332,0.0],[77.413640733129711,28.839286799944173,0.0],[77.414151176889519,28.840385202751236,0.0],[77.413513537725223,28.841733396440983,0.0],[77.412867681591877,28.84256153280975,0.0],[77.411048365062683,28.843940919156353,0.0],[77.411627124751448,28.844503740188507,0.0],[77.410105441515313,28.846223354058381,0.0],[77.408369216292726,28.847268618207281,0.0],[77.407159727189736,28.847718628209787,0.0],[77.405432572600333,28.848327949567718,0.0],[77.403648622965093,28.848919560328838,0.0],[77.4013022297395,28.849988388639868,0.0],[77.402240767125747,28.851563358974953,0.0],[77.402586790415114,28.852323683569772,0.0],[77.402136941550296,28.853792253406272,0.0],[77.403603480505964,28.855627342847487,0.0],[77.404745962174573,28.857473929102031,0.0],[77.405310026864214,28.858740908541993,0.0],[77.405025520894384,28.85959162147946,0.0],[77.404772785224537,28.860744727337444,0.0],[77.40497711954653,28.861905241145998,0.0],[77.406013473313621,28.86336434441591,0.0],[77.407276062777314,28.865850129452635,0.0],[77.407949208900149,28.867370408895486,0.0],[77.406908949913486,28.868829394844465,0.0],[77.405777052205408,28.871024799883902,0.0],[77.404632031406877,28.87293487399505,0.0],[77.403904153183646,28.874029937062993,0.0],[77.403300371155453,28.874657429791753,0.0],[77.402333640407448,28.875329342984784,0.0],[77.40282025786405,28.877567730137592,0.0],[77.404217015819683,28.877288514067352,0.0],[77.40552063592969,28.876907152052148,0.0],[77.406812680233742,28.877079021575597,0.0],[77.40774073126488,28.877345612457013,0.0],[77.408090585393055,28.877015864221839,0.0],[77.409541803383945,28.877777259425489,0.0],[77.411553808130776,28.878145215372211,0.0],[77.414248031957911,28.878691870700145,0.0],[77.415766231655141,28.878984713086243,0.0],[77.418436559737955,28.879765697749811,0.0],[77.419115641251494,28.880095287248039,0.0],[77.419545814123907,28.880929735472737,0.0],[77.420014793809045,28.88175328444585,0.0],[77.420942304919876,28.883881298364923,0.0],[77.421657298524579,28.885234443354189,0.0],[77.420543645461294,28.886558129298486,0.0],[77.421799913172961,28.888456634381654,0.0],[77.422517729638457,28.889675647000352,0.0],[77.424498035186147,28.890663415000311,0.0],[77.425881666468214,28.891021069588923,0.0],[77.427393087332987,28.891649088136457,0.0],[77.426922336749556,28.892295557715613,0.0],[77.428025044001004,28.893336251451593,0.0],[77.429658322121497,28.895441966617728,0.0],[77.428823531882585,28.89618321464269,0.0],[77.429488419019833,28.898122437614091,0.0],[77.430221539452162,28.900448453386741,0.0],[77.430757227997901,28.903106685812478,0.0],[77.431587095497179,28.904444811815722,0.0],[77.432835420386382,28.905823179281537,0.0],[77.433676779252693,28.906608072753706,0.0],[77.434337663285149,28.907826080250349,0.0],[77.435129474919407,28.910085895267883,0.0],[77.436199825393047,28.912702317202761,0.0],[77.437039511574554,28.914493325399135,0.0],[77.437714326348001,28.915963066897199,0.0],[77.438281070163825,28.916206904615265,0.0],[77.439234421138991,28.91618861266625,0.0],[77.440389050931117,28.916575998713686,0.0],[77.441157084434664,28.917225508964936,0.0],[77.442944020913103,28.919299911724181,0.0],[77.441800830064196,28.920203968673917,0.0],[77.440442491199875,28.921372884335902,0.0],[77.441075123074768,28.923043149960513,0.0],[77.441128201920179,28.926012143871592,0.0],[77.443731738018442,28.925466798591465,0.0],[77.444713347067747,28.927779831622868,0.0],[77.447392432833652,28.927269171063969,0.0],[77.448101605095317,28.927079242062351,0.0],[77.449975878685621,28.926773712270801,0.0],[77.451711590542644,28.926717491904412,0.0],[77.453409536520709,28.926643883450385,0.0],[77.455320866585851,28.926389185737488,0.0],[77.456929721491704,28.926012280856593,0.0]]]]}}
]
}
